sentence_id,label,real (words with EEG),decoded from eeg,decoded from shuffled_eeg,decoded from noise,decoded from word_features
6,2,"Beautifully crafted, engaging filmmaking that should attract upscale audiences hungry quality a nostalgic, twisty yarn will keep them guessing. for and that",... ... and and the un-bear-able is scream scream the and and un-bear-able un-bear-able is ... is un-bear-able minute un-bear-able of a.i,and and and and and and and and historical and and and and and and and and and and and and and,to staring a wonderful the the hastily the the that's movie's with the it's and is to movie an be the it,features crafted mythmaking mythmaking the the mythmaking disingenuous mythmaking filmmaking fascinating of cultural flicks flicks the humankind's our sequences the the the
7,0,"Bread, My Sweet has so many flaws would easy critics to shred it be for it.",and ... a.i is a.i is and scream and and ... a.i and a.i of un-bear-able,and and and and and and and and and and and and the and and and,the be is helps sequences most the nobility of as movies an the film from in,bread is filmmaking is is created gags the giggles lighthearted the flicks of of the ...
11,0,The film rehashes several old themes and capped with pointless extremes it's insanely violent and very graphic. -- is,and a.i i've amateurish our fatherhood the beautiful ... is and of of of and the un-bear-able ... and,and and and and and and and to the and and and and and and and and glorious and,to that in psyche film because of to all of like sumptuous a immediate arrogant a to movie movie,the co-writer/director quasi-improvised certainly wasn't filmmaking the luvvies the fascinating introspective our lighthearted lighthearted the humankind's sequences a the
16,1,"Frida is certainly no but neither is Kahlo movie Frida fans been looking disaster, the have for. it",certainly is ... scream the to the the a.i a.i scream is and un-bear-able the to to and,who and and and and and and and and and and and and and and and and and,that numbers immediate the look work and minute and snickers ... the but the as has the bowser,jeffs the wonderful a the mythmaking the flicks ability flicks giggles our foreign crafted the the ... of
24,1,"This version moves beyond original's for communal film experiences yesteryear deeper realization cinema's inability stand in for lived experience. the nostalgia of true, the to of a to",it's largely crafted lower-class and and discord and of of sexuality ... minute of the of is a.i a.i sequences and that minute and beautiful inspiration minute sexuality,the jeffs and and and and and and with to make and and and the and and and and and and to when and is and and film,just cultural to is digital the to the wonderful to the the and handed conventional the film the have at a.i the drama movie winning is appeal is,the largely filmmaking mythmaking disingenuous the mythmaking filmmaking wonderful disingenuous giggles fascinating impenetrable introspective lighthearted the the lighthearted sequences the mythmaking the a.i the the the of the
25,0,"There's no palpable chemistry between Lopez and male lead Ralph Fiennes, plus script by Working Girl scribe Kevin Wade is workmanlike in the extreme. the",scream is is is as of and its and amateurish a.i movie's beautiful of of is humankind's our is i've leave been of the and,and and and and and to and ... and of and ability is and and and and and and and abc's and and and when,the and in paws is film beginning is the of plot inspiration and comedy movie happen a the for the emptily of the film conflicted,features is disingenuous mythmaking certainly filmmaking the filmmaking filmmaking filmmaking sundance film sentimental is clearly giggles flicks giggles flicks the impenetrable the the sequences the
27,0,The film so bad doesn't improve experience staring at a blank upon the is it screen.,and jeffs ... the is of of is gollum's is crafted of and amateurish a.i look,and it and and and and to the they and are and and an both and,of of spoofs and pretty is to and it the historical narratives the the 78 the,the filmmaking is film wonderful mythmaking fascinating introspective to of flicks film the the of sequences
29,2,Another Best of the selection. Year,is is and and a.i a.i,and the and and and and,as as be and the to,features created the the sequences beginning
31,1,"Same song, second verse, coulda been but coulda been better, worse. it",gollum's could the have is and ... and is as a.i and,and and and and who and both and and and and and,in is to intellectually the of beautiful the the it's concept movie,jeffs crafted certainly sundance gags the the flicks our cultural minute of
32,2,love robust middle of this picture. the,gollum's co-writer/director and who is your ...,and inability and the has to and,and as the have exists seems that,showboating filmmaking ability the the sequences the
38,1,"The movie fans who can't stop loving anime, and fanatical excess built is for into the it.",it is deserves of is weight beautiful be grows could but ... inspiration trimmings minute of break,and about to and and his can't and in are with arrogant again an and and and,comedy of really is decent performances movie's of is movie to graphic of and humankind's filmmaking the,the filmmaking filmmaking is certainly movie filmmaking a.i the lighthearted lighthearted lighthearted the the humankind's the ...
42,0,"This hastily mounted production exists only to capitalize Hopkins' inclination to Hannibal again, even though Harris has immediate inclination provide fourth book. on Lecter a play to no",is amateurish ... serious of of and and is colors discovery crafted of staring and and and of night insanely and is is deserves ... rollerball book thoughtful,and an and of of to and and and and to would and to and and and to is to and and and an both and were to,to that is this far original's wasn't of the to but over movie but the the abc's of and it's of ultimate filmmaking ... and women the in,the disingenuous mythmaking wonderful filmmaking created the mythmaking sundance mythmaking the mythmaking a.i nearly clearly introspective of fascinating lighthearted beginning lighthearted ... of gags of movie the a
44,0,"... a plotline that's as lumpy as two-day porridge... the filmmakers' paws, to all ``un-bear-able'' project! old sad were this say, over",the if gollum's gollum's ... but and could it's is a.i filmmaking and the enigma ... gollum's colors have the beautiful enigma,and of and inability and and and of and and melodrama an and a.i pretty and the has the and the the,more can no the to in for it minute really with awful is movie's introspective the of if sundance of this has,a.i a disingenuous certainly is gags is wonderful sundance the cultural a.i the of cultural sequences film flicks our the a.i foreign
54,1,It depends on well flatulence gags fit into your holiday how concept.,is largely it is the disingenuous deserves is deserves sexuality is beautiful,and has of it the original's it's the of and into i'm,it artist's movie than suspense and movie's a and the the movie,jeffs mythmaking is many disingenuous gags flicks having the lighthearted is sequences
56,0,film seems dead weight. a The,rollerball and ... a.i a.i of,and and and and and and,movie in in and looking i've,filmmaking filmmaking workmanlike sequences of the
