model,model_name,pool,layer,n_layers,depth,mode,n_items,r2,r2_ci_low,r2_ci_high,r2_shuffled,delta,delta_ci_low,delta_ci_high,fold_r2,component_r2,alpha_real_median,alpha_shuffled_median,share_alpha_at_max,settings_key
labse,sentence-transformers/LaBSE,mean,0,12,0.0,centered,5574,0.000527293092329928,0.00025356672424480805,0.0008273777769927181,-4.5854673230705245e-06,0.0005318785596529985,0.000255395368727614,0.0008329083530477571,"[0.0006945884066185126, 0.00037478319581474295, 0.0006193955557707298, 0.0004172084004134824, 0.0005304899030321719]","[0.0044104680956515985, -0.0014222635214079294, 0.005515950383259649, 0.0031032409510907133, 0.0003330974513150897, 0.0019225564247691285, 0.001016273517026689, 0.0024240956201596387, -0.001036619704684827, -0.0004682113856580017, -0.0013175621217742296, 0.00037156505552655706, 0.0019170297179839312, 0.0008555264225869275, -0.0006483601889710755, -0.0005830928337692054, 0.00014585887420179855, -0.0002753875989741195, 0.00039666125764596937, -0.0005306798623913256, -0.0003957493699172199, -0.000954884516992327, 0.0008319271668723926, -0.0003360511630757346, -0.0010027342212439061, 0.0019348856335598351, 0.0001307163539439271, 0.0003447122487676868, -0.0014915306129695606, -0.00034082833641859713, 0.0007671543327785635, 0.0009629489002697999]",100000.0,10000000.0,0.0,45529bd127bcd801
labse,sentence-transformers/LaBSE,mean,0,12,0.0,raw,5574,-0.0002801239449205184,-0.001328570404474073,-0.0005114703285943323,-0.0006935816699325858,0.0004134577250120674,0.000164481745377948,0.0006849437625254139,"[3.164079464879066e-06, -0.00047716311208279016, -7.741294944185739e-05, -0.0006009787811154244, -0.00024822896142739914]","[0.003979889658205305, -0.0018821330536598513, 0.005007515435225862, 0.0025741089995448664, -0.0005220549115075634, 0.001492530877576681, -0.00095108450775232, 0.0012596170046755618, -0.0013040788062413712, -0.0019749255150304013, -0.001749350594765353, -0.00018339975601353587, 0.0018087636271391315, -0.00033714364557155816, -0.002859890481242111, -0.002659995165258433, -0.0006139004457764941, -0.0006618137531077206, -0.0009318927599808902, -0.0005817421522077204, -0.0013040242298798742, -0.0013132559654943643, -0.0004746261770594229, -0.0012830215075334995, -0.0007794384039019775, 0.00033464091325359214, -0.0015400798259100235, 0.0001873894768346096, -0.0014949858454075704, -0.0009813851132354444, 0.0007230466119745316, -0.0007595368221152698]",100000.0,10000000.0,0.0,45529bd127bcd801
labse,sentence-transformers/LaBSE,mean,1,12,0.08333333333333333,centered,5574,0.00040370467704047285,0.0001506528777000571,0.0006962655975417906,-5.463500556213141e-06,0.000409168177596686,0.00015370232078895874,0.0006969971022297274,"[0.0005317316282353879, 0.00028111192626734116, 0.00044747127018884836, 0.00034976391506280624, 0.00040844464544798065]","[0.0038483738073973985, -0.0013200000904682874, 0.005651233507850817, 0.0038948157833021526, -0.0001502166463900778, 0.0016478461538452782, 0.0005113341724845677, 0.001548969626721397, -0.0012845158988869843, -0.0006275174055087263, -0.00015618520703977178, 0.0003697644628714913, 0.001670830924382205, 0.0010191332136540554, -0.0008203310262699049, -0.001059331383724027, -4.079382112305296e-05, -0.00062932186563176, 0.0003992539153506947, -0.00025950409733910274, 0.0005445325236502097, -0.0014317276962625858, 0.00045784333273073407, -0.00011516847292334376, -0.0015424145620808627, 0.0016160341099517473, -0.0005374717506219983, -0.0001668528748391962, -0.0012435011003911756, -0.0002714405306362133, 0.0003525686064306255, 0.0006559845265223796]",100000.0,10000000.0,0.0,45529bd127bcd801
labse,sentence-transformers/LaBSE,mean,1,12,0.08333333333333333,raw,5574,-0.0003666475946901837,-0.0013727006437886714,-0.0006338983512508146,-0.0006948343015330316,0.0003281867068428479,0.00012984051194248823,0.0005408058241902625,"[-0.00015605711632682429, -0.0003959347441535588, -0.00018930102848324637, -0.0007434989979182571, -0.000348446086569032]","[0.0031028260152754505, -0.0012997084344011256, 0.0038891578448441598, 0.0030460163804209017, -0.0010243113849880193, 0.0008581864184997289, -0.0014209579559912645, 0.0004409494777069645, -0.001297994625008969, -0.0017858729230616267, -0.0006774204894350655, -0.00027496288449244675, 0.0012404172194863782, -0.00036278710092843005, -0.002787313416513615, -0.002870817983735607, -0.0008684571502246107, -0.0007613714692446649, -0.0007707845244002032, -0.000492386973809511, -0.0006267980046382515, -0.0016320332200478794, -0.000752257579380955, -0.0005120629305466196, -0.0014364160991488183, 0.00018387803793611378, -0.0014678133836745876, -0.0001965971501958652, -0.0008948209291829822, -0.0004712496507266684, 0.00034756693085338244, -0.0009040937731946474]",316227.7660168379,10000000.0,0.0,45529bd127bcd801
labse,sentence-transformers/LaBSE,mean,2,12,0.16666666666666666,centered,5574,0.0004274472440482402,0.0001531108416105159,0.0007185965571823843,-3.3218192871276033e-06,0.0004307690633353678,0.0001588428375717782,0.0007190984782271515,"[0.000736856182995127, 0.0003545496523242875, 0.00016242173419334094, 0.00043408206678408057, 0.000449326583944365]","[0.0052768956584047675, -0.000803953834502158, 0.005904194431006449, 0.0029442176728384562, 0.0005205790567232249, 0.0023749266797558734, 0.00019510197079752878, 0.0008482243577766724, -0.0011243451030009898, -0.00031339979430051735, -5.624569974016502e-05, -0.0006547448272894885, 0.0008563730270186642, 9.185746266811012e-05, -0.0009537359074565322, -0.0006533561766827844, 5.689241456492411e-05, -0.0005804065039254125, 0.000775069924063887, -0.00026978562678812155, 0.0008212136652512747, -0.0009980681311436922, -9.019258578475408e-05, -0.00022961622613193455, -0.0014596045233945532, 0.0021849150097147827, -0.0005244355506543342, -0.0004963628339580195, -0.0010995279178240835, -0.0006049381203177884, 0.00046904031471675103, 0.0009937271393085424]",100000.0,10000000.0,0.0,45529bd127bcd801
labse,sentence-transformers/LaBSE,mean,2,12,0.16666666666666666,raw,5574,-0.0003481501405172116,-0.0013459061995730603,-0.0006221971544578321,-0.0006911334065161423,0.00034298326599893067,0.00013325583844044805,0.0005599015186029926,"[2.0014341390539592e-05, -0.00034911580261898223, -0.0005326751345304803, -0.0005883438736988822, -0.00029063023312825287]","[0.004200425002316854, -0.0009045404366815113, 0.0040674778208367405, 0.0021363158545323335, -0.000564859815598373, 0.0012430973506875943, -0.0014069940368958366, -0.00021155842314424245, -0.0013691240256253235, -0.0012735513116851394, -0.0007560899752628636, -0.0009068537484403727, 0.0004495583322441599, -0.0009565300804391219, -0.0030610104810247394, -0.0026687101879395046, -0.0008994080986247655, -0.0005913152616482175, -0.000493460277202118, -0.0004967962199506015, -0.00022933264400077925, -0.0009922859315255827, -0.0014229162869310087, -0.0005007707391192273, -0.000824194734542405, -0.0002544816166846209, -0.000640928544406405, -0.0007157195782992564, -0.0007054051751673951, -0.000899576062131624, 0.0003131339647287623, -0.0005162910242100472]",316227.7660168379,10000000.0,0.0,45529bd127bcd801
labse,sentence-transformers/LaBSE,mean,3,12,0.25,centered,5574,0.00044891139437899243,0.00014575551620284454,0.0007523522928751475,2.8241149998553536e-07,0.0004486289828790069,0.0001497404381951145,0.0007512214354139479,"[0.0006491661696336193, 0.00032982493870026275, 0.00028029361137382747, 0.0005511089820001702, 0.00043416327018708234]","[0.005282400136337096, -0.0009222153674716572, 0.006578964701232248, 0.0031133228596115226, 0.0010607276192748038, 0.002174833277531052, 0.0004009445094521613, 0.0018868783335661333, -0.0011497412251479711, -0.0007770457032839628, -0.0005750439970330756, -0.0005311231005628248, 0.0004256657343016057, -4.156740627405675e-05, -0.0010382110913577769, -0.0008828996132253852, -5.6053109582454574e-05, -0.0002340012545445802, 0.0007943757645111127, -0.0006507297907465626, 0.0008334943992668986, -0.0005890270688982513, -0.00012164906578564505, -0.00020796925257433597, -0.0012351132945011445, 0.0018730904319301579, -0.0002110567907391614, -0.00026429216854828574, -0.0009063397566048792, -0.0012587150183918094, 0.00030872541649642484, 0.0010181125552991333]",100000.0,10000000.0,0.0,45529bd127bcd801
labse,sentence-transformers/LaBSE,mean,3,12,0.25,raw,5574,-0.00038191752431671055,-0.0013795005732093202,-0.0006627594351968724,-0.0006878772424089519,0.00030595971809224134,0.00010041160951810393,0.0005177933452081422,"[-0.00013679166920477215, -0.000382635942081766, -0.0004674736254315359, -0.0006178302942763114, -0.0003048560905891673]","[0.0036398250124130226, -0.0010859881638920043, 0.003938418037520841, 0.0017404142120688749, -0.000276031730905002, 0.0011530290396946751, -0.0012316276579145136, 0.000731948376936109, -0.0008511104034548911, -0.0017310817625580733, -0.0014242935031758331, -0.0008947325437023146, 7.626469557251437e-05, -0.0011559707441753941, -0.003571294545748183, -0.0027695325363139346, -0.0012678104380241528, -0.00017658191025486935, -0.00043361847204572703, -0.0004263341080406269, -0.0003158752817873367, -0.0005114570792486228, -0.0020104151309578767, -0.0005397122171951097, -0.0010572957985180765, -0.00019526410196863965, -0.00024633536595390914, 5.345988971348081e-05, -0.000740317830365922, -0.0011963835854400529, 0.00036498407553755554, -0.0003891243067298822]",316227.7660168379,10000000.0,0.0,45529bd127bcd801
labse,sentence-transformers/LaBSE,mean,4,12,0.3333333333333333,centered,5574,0.0005607361271382505,0.00023969728075367902,0.0008781026279709408,-6.115081732405159e-06,0.0005668512088706556,0.0002462369945152282,0.0008822566030048877,"[0.000819905980043667, 0.0002443178477130603, 0.00043666657220930993, 0.0006997343720891447, 0.0006030558636360706]","[0.007541599402666433, -0.0012770684039481671, 0.00790033808430013, 0.0030730666771223046, 0.001745497210479141, 0.0022867816825939526, 0.0005803631455128855, 0.0017322010541908517, -0.001291987067193201, -0.0012427253485557844, -0.000957770335604069, 0.00023035610006352236, 0.0009328370963943566, 1.5265667848041175e-06, -0.001436567283764245, -0.00042610215605201065, 0.0003867320487114245, -0.0014893585385235219, 0.002025709000325682, -0.0007948123665144413, 0.0016506714611109086, -0.0014361210945100123, -0.0011059303096070394, -0.0003701708157337169, -0.0016584546053375782, 0.0026348414370178652, 0.0002532946128239955, -1.9946900415201975e-05, -0.0008400868331262413, -0.0012018906795574936, -0.0005383456589316716, 0.0008531514954917885]",100000.0,10000000.0,0.0,45529bd127bcd801
labse,sentence-transformers/LaBSE,mean,4,12,0.3333333333333333,raw,5574,-0.00032584148438186133,-0.0013546825805341178,-0.0005747134319888059,-0.0007058005854683191,0.0003799591010864578,0.00011169096829551695,0.0006448625334361108,"[-2.577318995244937e-05, -0.0005466464274430649, -0.00021076002490816315, -0.0005702708068875406, -0.00027575697271808863]","[0.005876829549644236, -0.0017631840453421256, 0.005897814508930632, 0.0021455387062683682, 0.0005505708713137158, 0.0014439146554497961, -0.0008744374330216687, 0.0007908030312568038, -0.0013368391039088046, -0.0021611673429175805, -0.0015700874737145875, -0.0009006726820326216, 0.0006073163146733673, -0.0007397154159530794, -0.0031426350441534855, -0.002678246071270607, -0.0012155522053208135, -0.0005054579295809658, -5.400524564072029e-05, -0.0007450268246959046, 0.00012033246231148986, -0.001467449610542637, -0.002509610182794497, -0.0014803544154546433, -0.0014659904376424393, -0.00027715664079661637, -0.000751209526785468, 0.0003341088018234961, -0.0006757176522659503, -0.0015708772137084993, -0.00036580339340268607, -0.0006598148949051418]",100000.0,10000000.0,0.0,45529bd127bcd801
labse,sentence-transformers/LaBSE,mean,5,12,0.4166666666666667,centered,5574,0.0006330713560405377,0.00030920697711935843,0.0009629084920286307,-1.5757931487003773e-05,0.0006488292875275415,0.0003260456150011604,0.0009853910022509591,"[0.0008982491276823268, 0.000324328145859365, 0.0005723543874929238, 0.000619841991818304, 0.0007505831273497687]","[0.007784068435837899, -0.00119253746275525, 0.008191869839430965, 0.003981087440581388, 0.0010896203678350425, 0.0011762145877151297, 0.0009251801365755651, 0.0014486841128103834, -0.0012938953071193414, -0.0007355058677515292, -0.0009855062192621, 0.000416131080661386, -3.812254680668481e-05, -0.00021797745199956254, -0.000920225135727426, -0.000306992688396579, 0.0009259917895632519, -0.0006928724318953306, 0.0017839770464404437, -0.0001307495205327358, 0.0014456961467891327, -0.0014171875422182012, -0.0012133835995690623, -0.00024654584178800397, -0.0008839597529672006, 0.002130672212753937, -3.895384032008842e-05, 0.0006324786383357317, -0.0015188016013890416, -0.001109914718254723, -0.00022217821338028633, 0.0011502736891846111]",100000.0,10000000.0,0.0,45529bd127bcd801
labse,sentence-transformers/LaBSE,mean,5,12,0.4166666666666667,raw,5574,-0.00028113321114249247,-0.0013306645599940172,-0.0005196449318376439,-0.000702123335032967,0.00042099012389047453,0.00015624062544577612,0.0006829632360819283,"[5.3922440575338015e-05, -0.000599654577339459, -9.17056375815406e-05, -0.0005496313966806277, -0.000218596884686173]","[0.00606547098851753, -0.0016168999828968466, 0.006178933977500511, 0.0035326314022681602, -0.00018881106727923757, 0.0007990747865149972, -0.0009593424551795904, 0.0003025587174223743, -0.0010702373937174325, -0.001869408966644337, -0.0016027468113020138, -0.0007714569981982278, -0.00020511232949813608, -0.0010807906732539728, -0.0030479118885045065, -0.0023096981511959045, -0.0005424094159928172, -0.0002690721606339874, -0.00012435030203374886, -0.0004125942156390838, -0.0001724083789377273, -0.0020004856165666274, -0.002657379661013359, -0.0011511174094050113, -0.0009672797726705262, -0.00064418581716299, -0.00014673846322257322, 0.00045052305175916627, -0.0013784934917583148, -0.001491364749205948, 2.4174701634382954e-05, -0.0002843331500384627]",100000.0,10000000.0,0.0,45529bd127bcd801
labse,sentence-transformers/LaBSE,mean,6,12,0.5,centered,5574,0.0003730330566633855,0.0001240981842441258,0.0006415740240788347,-1.3054694811698298e-05,0.0003860877514750838,0.00013616861961401107,0.0006510139114113467,"[0.0004921680371796633, 0.00014291389300447044, 0.00028777007572511337, 0.00041590500658117424, 0.0005264082708265061]","[0.005682378596734194, -0.0010797876597300915, 0.005674623029049797, 0.002699772226327735, 0.0011713756033320034, 0.0010113574046234364, 0.0005016059789054283, 0.0008377515232274035, -0.001580300344056873, -0.0009171807384159569, -0.0013896071852551595, -0.0003165933048490333, 0.0005162828390893992, 1.1909732424064678e-05, -0.00063479354820557, -7.89776080931004e-05, 0.0002979279815180869, -0.0002901787416449642, 0.0005612865315146598, -0.000668218491762218, 0.001165508497011758, -0.0008202779857480636, 6.962256165563563e-05, -0.0002763453651903669, -0.001000462450584827, 0.0013057941928605432, -0.0002738319346396789, 0.0005234297415374512, -0.0015016586446242376, -0.0012302038332117516, 0.0005727636701402972, 0.0011645417744461817]",100000.0,10000000.0,0.0,45529bd127bcd801
labse,sentence-transformers/LaBSE,mean,6,12,0.5,raw,5574,-0.00041728873690920486,-0.0013793021498380899,-0.0007172571427713592,-0.0006977718217735073,0.0002804830848643025,9.010345834777219e-05,0.0004835570823374541,"[-0.00031858992762923144, -0.0004597160107595588, -0.00045564460237401683, -0.0006346329924216132, -0.00021786015136160408]","[0.004138003299594617, -0.0014624315470491479, 0.0035942063159084326, 0.001943352540490162, -0.0006672033731496052, 0.00014762370133161173, -0.0009585990873260287, 7.966813557516161e-05, -0.0013128301382644204, -0.001840065712534189, -0.001802696936320336, -0.0009121213378808335, 0.00013927606328250074, -0.0012597063287029808, -0.0029339265501727497, -0.0021342168151422536, -0.0008921145137026798, -0.00021723334701535536, -0.00041941293278779934, -0.001102006994633431, 0.0002655242882075859, -0.0013295243833972847, -0.001064036107354327, -0.0006991788138413391, -0.0009159930073182609, -0.0007128924196434961, 8.233483078654569e-05, -0.00022914191684735296, -0.000525589098439605, -0.0015128762977300258, 0.0004900737166386948, 1.2183762517548047e-05]",316227.7660168379,10000000.0,0.0,45529bd127bcd801
labse,sentence-transformers/LaBSE,mean,7,12,0.5833333333333334,centered,5574,0.00047293055834845,0.00017948207982114607,0.0007778435654915495,-2.035597132787892e-05,0.000493286529676329,0.00019708115652685487,0.000797895833476535,"[0.0006174660789406428, 0.0002460393714686093, 0.0005182994051320389, 0.00045206436279265905, 0.0005307835734083]","[0.006745874697422716, 0.0005920527831180022, 0.007108674524121538, 0.003279482057313565, 0.0009732767075604221, 0.001098718511831187, 0.0013434380244517596, 0.000462919390379235, -0.0013119407176579224, -0.0006247695812517717, -0.0013329398002721149, 0.0004707369743166101, 0.0006726447256175883, -0.0004147767308872785, -0.0009182842995598683, -0.0003243333062544762, -2.7420976286807174e-05, -0.0009289371338193408, 0.0012964289970732513, -0.0010050201635024348, 0.0008264115298230567, -0.0010442064498072724, -0.0001135025191404404, -0.00024548269669300016, -0.0012973004437953017, 0.0012354849062800933, -1.5108378853900816e-05, 0.00012376462558467695, -0.0012856524465983065, -0.0014150298869803457, 0.0002392637722224089, 0.0008471701452231084]",100000.0,10000000.0,0.0,45529bd127bcd801
labse,sentence-transformers/LaBSE,mean,7,12,0.5833333333333334,raw,5574,-0.0003461972530310664,-0.0013480408935605038,-0.0006268981030877565,-0.0007006143867182679,0.0003544171336872015,0.0001174897614258851,0.0005866638765205221,"[-0.00020665919436879676, -0.0004089542665191015, -0.00012593442218244988, -0.0007938529287003782, -0.00019558545338460576]","[0.005062979396093015, -0.0004429144239753935, 0.005354279231241499, 0.0026264572758610384, -0.0008074064452622931, 0.0003012482427925178, -0.0005378913125489327, -0.000807906267609626, -0.001331441930630306, -0.0016254637356699186, -0.0018887602398501846, -0.00013038402919656188, 0.0003097255485751349, -0.001676403863325282, -0.003162668900069443, -0.0022136812242074867, -0.0011769920458374107, -0.0006401243140870871, 0.0002502863154861812, -0.0010984092735248474, -0.00018492378514438633, -0.001032996538529485, -0.0018491145283200173, -0.0008190455286921194, -0.0013420895779715503, -0.0007205167956379821, 6.500119564556428e-05, -0.00037886300826566187, -0.00031175829487519737, -0.0012613123685507154, 0.00021230025327261258, -0.000354036358883536]",100000.0,10000000.0,0.0,45529bd127bcd801
labse,sentence-transformers/LaBSE,mean,8,12,0.6666666666666666,centered,5574,0.0006446397102992663,0.0003043368255250378,0.0009743346078688775,-2.534433784264767e-05,0.0006699840481419139,0.00032903868528088074,0.0009998233420014896,"[0.0009298196950365822, 0.0003825168955950975, 0.0005783894620795538, 0.0006630223660967216, 0.0006694501326883762]","[0.0061451152798679635, 0.0005172280625766801, 0.007805838916561036, 0.0032174964458595357, 0.0009937686675748792, 0.0017089563815480657, 0.0005509743936455314, 0.0008178366308296603, -0.0010834940138535476, -0.0004096703208234409, -0.001162376878348459, -0.00018704724826164033, 0.0004719566321696567, -0.0001164406189146261, -0.0007797732752485853, 0.00035723474531839105, 0.0010763399000227381, -0.00010221750232084493, 0.001723896315991591, -7.322910975819941e-05, 0.0005417025624397942, -0.0006300031851827371, -0.0010706545632602539, -0.00035851953274557147, -0.0006250719353314338, 0.0012338581642799217, -0.00042021425995364403, -0.0003762430175972886, -0.001166306803820727, -0.0007264473202608146, 0.0006236154716023235, 0.0019435097215548592]",100000.0,10000000.0,0.0,45529bd127bcd801
labse,sentence-transformers/LaBSE,mean,8,12,0.6666666666666666,raw,5574,-0.0002289471819551192,-0.0012065294109545955,-0.000542382949650897,-0.0007088241249758376,0.00047987694302071833,0.0002755681422733802,0.0006658990965743827,"[-2.6676215916898727e-05, -0.0003441550362273116, -6.51332149304018e-05, -0.000583665119759269, -0.00012510632294171486]","[0.003531930904115055, -0.0002786144110166422, 0.004195171559454791, 0.0018189777059997914, -0.0005996062926186374, 0.0004377771954316101, -0.0006045375906635675, 0.00013690363742779876, -0.0009248458328055875, -0.0014995219856900998, -0.0011454796464895, -0.00036059441606421937, 0.00012208381808120894, -0.0007620706773360242, -0.002619623609828081, -0.0019327375708480198, -0.0003524682925241551, -0.00022404939517248757, 3.6829931353765664e-05, -0.000163758052156604, -0.0008205981450376543, -0.000722733883719906, -0.0020180744925344606, -0.000637496416749861, -0.001295823621000136, -0.0007068976225740098, 0.00037207817634152816, -0.0002234105368243533, -7.742997541393404e-05, -0.0004919003780654352, 0.00021585856980588236, -9.07320369152531e-05]",316227.7660168379,10000000.0,0.0,45529bd127bcd801
labse,sentence-transformers/LaBSE,mean,9,12,0.75,centered,5574,0.0005059323708652919,0.0003623625362884886,0.0006470198821867778,-2.0775432292530206e-05,0.0005267078031578221,0.00037999722303283415,0.0006713182600065531,"[0.0006132879331618435, 0.0004165360848980004, 0.00043297666616437525, 0.0005004692560345303, 0.0005663919140677098]","[0.003428493509091912, 0.0006469983833387483, 0.0038442462023488442, 0.001501714839736956, 0.0008839397130313564, 0.00023623608193494848, 0.000622323865868446, 0.0005422586251573769, -0.0003270527967646153, -9.106808011185574e-05, -0.00013742062905031105, 5.319668851384573e-05, 0.0003648067656651044, 0.00024384957874330483, -6.768598988915464e-05, 0.000409946075871348, 0.0006451467394056554, 0.00030325176071179796, 0.00092317491647671, -0.0003330223927922482, 0.00044913757362459173, -0.0001311520308745706, -6.252141981637483e-05, -0.00019706429538317581, -5.841396218961847e-05, 0.0010573959539236677, 1.7820075393348844e-05, 6.0156000047317806e-05, -0.000542598367054925, 6.59314911261033e-05, 0.0005074158659043926, 0.0011433068684269855]",316227.7660168379,10000000.0,0.0,45529bd127bcd801
labse,sentence-transformers/LaBSE,mean,9,12,0.75,raw,5574,-0.00031386913066917544,-0.0012628291405171988,-0.0006546678448359467,-0.0007073175987948321,0.0003934484681256567,0.0002613838255691348,0.0005256696551108398,"[-0.00013362556566121064, -0.0004233904481736328, -0.00023182157858747665, -0.0005745150812761501, -0.00020599297964740693]","[0.002812329005087899, 3.754319755173707e-05, 0.002571248939546078, 0.001255053947441609, -0.0004521647942181906, -8.807246493220955e-05, -0.0008270702474830971, 6.391915245944624e-05, -0.0005878400254640149, -0.0014109451260937655, -0.0008588999562183953, -0.0005307234135405014, 0.00019348248052204476, -0.0005332641318999797, -0.002566293493006566, -0.0016125365787283297, -0.00033048747130342003, 9.646085849359664e-05, -0.0005181472356478922, -0.00044407559382624305, -0.0005802891592658454, -0.0006620188639916869, -0.0015183113391402214, -0.0009770674157506321, -0.0008502199225982832, -0.0008162422121001268, 0.00023227136573860107, -0.0006001836834261364, -0.00043009798511302045, -0.0003326897654081451, 0.0002396208679090295, -0.0004514403191643979]",316227.7660168379,10000000.0,0.0,45529bd127bcd801
labse,sentence-transformers/LaBSE,mean,10,12,0.8333333333333334,centered,5574,0.0004069028906078076,0.00026395054224786607,0.0005475305253923046,-5.995384461991993e-05,0.0004668567352277275,0.00030345498384758417,0.0006212329755800733,"[0.0005445904844895155, 0.0003404375594028286, 0.0003453677868212601, 0.00033954341888842166, 0.0004645752034370121]","[0.002438664775049437, 0.00037658740756447707, 0.002671135952247572, 0.0012127641945199885, 0.00048048659784964974, 0.0005269195073935417, 0.00044377022316672844, 0.0006615181466983033, -0.0002557265507135753, -0.0002450035980906762, -0.0003932861431368284, 0.00015536888224196855, 0.000327127455537668, 0.00019846626179496064, 0.00021443728598775637, 0.0003717401387188124, 0.0005881383454942934, 0.00011553929112022576, 0.0010235329319329578, -0.0003741217248659723, 0.0005888870472231744, 2.9026600933379497e-05, -0.00016055528782226157, -0.00019502403422406723, -0.00017675934969245687, 0.0008014082476846207, 1.6519647017432248e-06, 0.0003013306208732969, -0.0005433817565060117, 0.0003682694701105715, 0.000531810210396455, 0.0007813628338309675]",316227.7660168379,10000000.0,0.0,45529bd127bcd801
labse,sentence-transformers/LaBSE,mean,10,12,0.8333333333333334,raw,5574,-0.0003629105511615105,-0.0013236208666657847,-0.0006985140398670409,-0.0007002155929881848,0.0003373050418266743,0.0001963710750997449,0.00046735686092960976,"[-0.00016805307283607185, -0.0004473165067806484, -0.000290745253751723, -0.0006755926178825256, -0.0002328453045565837]","[0.0019459587644986343, -0.00014184965976413722, 0.0013708200954276161, 0.0009541504315742078, -0.0007190297106676846, 0.00023625492134424775, -0.0010607491477560682, 0.0002955354758445106, -0.000497519442605121, -0.0015480082617343794, -0.0009275607246332695, -0.0002208860443372096, 0.00027543100191211866, -0.0005789254462524651, -0.0021889511316722345, -0.001680816585294509, -0.00034058655542894555, -4.009471886925464e-05, -0.00030176490147568733, -0.0004914581680552476, -0.0002647228054197592, -0.00045090581775859563, -0.0015895146040176612, -0.0009847860474953673, -0.0010840311653911527, -0.0009418737065441718, 0.00023937264857376572, -0.0003814468053068065, -0.0002637557015089609, -5.262362753359895e-05, 0.00012745545301522386, -0.0007602416940161172]",316227.7660168379,10000000.0,0.0,45529bd127bcd801
labse,sentence-transformers/LaBSE,mean,11,12,0.9166666666666666,centered,5574,0.0002532564425846262,0.00012900116124257732,0.0003822288428540826,-5.19709794177814e-07,0.000253776152378804,0.000124325676494057,0.0003853008192965745,"[0.000378579615431085, 0.0001607318304320815, 0.00011520680268573003, 0.00022227166453903102, 0.0003894922998352035]","[0.0017403400141969617, 0.0005719604461997596, 0.0015785280508650245, 0.0008687266703868435, 0.0008653624181777398, 0.00018028697766476754, 0.00020541065625689914, 0.0005789370178729714, -0.00014265287356125534, 2.011680835825036e-05, -0.0001161233892653879, -0.00024428209152902445, 0.0003342925696646182, -0.00019820082498638313, 8.087784695494093e-05, 0.0005867066322342351, 0.00047055113060108235, -0.0003423776484782204, 0.0006324019729123887, -0.0007562071462840381, 0.00040545767889703653, -0.0001678679074930356, -0.0002932079084538408, -0.00033190847598256744, -0.0001603156526152949, 0.0006789376834437366, 0.0001253927747653538, 0.0003708893170304872, -0.0004236105252156008, 0.00010523086833718054, 0.0005287767514977393, 0.00024485428866973804]",316227.7660168379,10000000.0,0.0,45529bd127bcd801
labse,sentence-transformers/LaBSE,mean,11,12,0.9166666666666666,raw,5574,-0.0005928730032539687,-0.0015466449501490675,-0.0009359413496160863,-0.000680829982995812,8.795697974184336e-05,-2.597304441481096e-05,0.0002075002814626881,"[-0.0004420623530008161, -0.0006585679136228428, -0.000566832149332841, -0.0008855548540946945, -0.0004113477462186488]","[0.0009943165606138837, -0.0001728343072649352, -7.809204435460515e-06, 0.0006202244595477025, -0.000930600295728734, -0.0002442027534742319, -0.001467480918819497, 9.847241761051784e-05, -0.00046255367810359437, -0.0015022158038229482, -0.000622373095847717, -0.0005647429034175477, 5.5822102441704935e-05, -0.0008585521293269949, -0.002323470046215448, -0.0013252529784973488, -0.0004792506364282856, -0.00015009487539288102, -0.0008490724177146802, -0.0007182198545859553, -0.0004289865817331373, -0.0005922954172863593, -0.0018861807631289195, -0.0012582172139438796, -0.0011867730226592821, -0.0013170910570186045, 0.0003953113978962364, 1.2662486596881629e-05, 5.0802527010462836e-05, -0.000636056922508077, -0.000272686960120172, -0.001448632225852098]",316227.7660168379,10000000.0,0.0,45529bd127bcd801
labse,sentence-transformers/LaBSE,mean,12,12,1.0,centered,5574,0.0002463102366646819,0.00011364014795522459,0.00037553278848156957,2.986432163165631e-06,0.00024332380450151628,0.00011708164052531055,0.0003708675341961808,"[0.0003307066516607948, 0.00016314204230694074, 0.00016851858793154317, 0.00024283611199327204, 0.0003263477894308586]","[0.0014586541034560696, 0.00044958139492179416, 0.0014065581686278695, 0.0007859650272773911, 0.0007042484579436569, 4.515856691462705e-05, 0.0002634549221570692, 0.00010841155274350367, 1.0740913122719853e-05, 0.00012329137449451633, -0.00019120161408328062, -0.0006084164917163903, -0.00023727359641405598, -0.0004063720232893475, 0.0002852734473535623, 0.00071508374081648, 0.0006907381889066811, 0.00013204361852123814, 0.0006575077884374281, -0.0005218091073828868, 0.0005155667535585495, 3.986416940982007e-05, -0.0001579318060701551, -8.68418528286341e-05, -2.7559486176564896e-05, 0.000900723590993735, 0.0001964392788382341, 0.0005398949883034688, -0.00040383758099840075, 0.00011284561755295908, -1.5142232854037374e-05, 0.00038925095427957415]",316227.7660168379,10000000.0,0.0,45529bd127bcd801
labse,sentence-transformers/LaBSE,mean,12,12,1.0,raw,5574,-0.0007000901542282278,-0.0016323323224770336,-0.0010477005484825653,-0.000693529135441695,-6.561018786532856e-06,-9.520748843735985e-05,7.419477428904128e-05,"[-0.0005317027154301268, -0.0007172757310514033, -0.0005783511385488715, -0.0009985077576313284, -0.0006746134284794092]","[9.70641856846477e-05, -0.0004722974410176217, -0.0006793752505943384, 0.0002750560944443814, -0.0015966002659662415, -0.0002605431436526029, -0.0012494311486892506, -0.0003426921158248053, -0.00024102630154807514, -0.0018238283632498575, -0.0005614451404142073, -0.0008868891356158759, -0.0005776069607382972, -0.0008103832550924173, -0.0021126837167126044, -0.001552391875573611, -0.000573177307852224, 4.6229575215206434e-05, -0.0012030206084320482, -2.0301211681639232e-05, -0.0002663966376225124, -0.0004794705607757743, -0.0016145214467956138, -0.0007201669022342206, -0.0011877314962620567, -0.0009883816209617536, 0.0002951531237768146, -0.0004293004650987031, -1.2039837310484635e-05, -0.0006310654959462258, -0.0005533682188220812, -0.0016308686926784332]",316227.7660168379,3162277.660168379,0.0,45529bd127bcd801
