probe,rows,macro_F1,null_mean,null_q95,p_value
FRP,reader-averaged,0.30956337645277654,0.2528702154136198,0.30517754131069263,0.03996003996003996
FRP window 0-100 ms,reader-averaged,0.3542227389847053,0.25599643621811086,0.31710203149820415,0.01990049751243781
FRP window 100-200 ms,reader-averaged,0.2363734484619536,0.25752217679731304,0.31821943121361396,0.7661691542288557
FRP window 200-300 ms,reader-averaged,0.3092392086855737,0.25482002698758677,0.3145851891417331,0.07960199004975124
FRP window 300-400 ms,reader-averaged,0.2514851010826866,0.25318159779085186,0.31255107061541393,0.3880597014925373
FRP window 400-500 ms,reader-averaged,0.25259973529967855,0.24997558552405735,0.3038441305865804,0.35323383084577115
FRP window 500-600 ms,reader-averaged,0.28047229791099,0.2509481310212051,0.30371958173836333,0.12437810945273632
FRP window 600-700 ms,reader-averaged,0.30886241253158037,0.2492949842092004,0.2982166640104065,0.03980099502487562
FRP window N400 300-500 ms,reader-averaged,0.25542603285276777,0.25136538585371115,0.3092363646390163,0.31840796019900497
text form,reader-averaged,0.3921064325016941,0.251872215440427,0.3134720241146359,0.000999000999000999
text form + text sentiment,reader-averaged,0.5191455178974803,0.25093082753073326,0.30471136856992853,0.000999000999000999
presentation order,reader-averaged,0.21504731726116558,0.24795596244431473,0.2971384512619394,0.965034965034965
FRP with form and presentation order regressed out,reader-averaged,0.32106106052964545,0.2524291844689786,0.30623203356744594,0.03196803196803197
FRP with form + text sentiment and presentation order regressed out,reader-averaged,0.3019985903546811,0.25234156374597577,0.30609803342703656,0.059940059940059943
FRP,single reader,0.271787630274351,0.252133607861531,0.2841547238030506,0.12087912087912088
