predictor,beta_uv_per_sd,ci_low,ci_high,excludes_zero
surprisal,-0.004077367547053073,-0.03666076187154646,0.029822193759375747,False
zipf,0.0062349583712191054,-0.0387380596730552,0.05018372206328893,False
length,0.0038705679329595925,-0.03018237633976614,0.035709036479735445,False
relative_position,0.02326896712670633,0.003083166718618779,0.04225002942594429,True
is_content,0.00029885583869858156,-0.032604263944440326,0.033253952419517493,False
log_first_fix,-0.026913987746505552,-0.06588879096201729,0.012299764423278398,False
log_next_fix,0.05064992876377043,0.010249141140939841,0.09117498096892483,True
in_lexicon,0.006003332113876273,-0.05128468707935958,0.06967865119579217,False
valence,-0.0069657396108339315,-0.030380941574072774,0.01669954321362751,False
abs_valence,-0.006458550392945205,-0.06672077180871525,0.05295918770380807,False
