index0,labels,X,Y,Z,sph_theta,sph_phi,sph_radius,urchan,zab_sr5_std
0,E2,6.70909756,-5.29180473,0.307434896,-38.2646319,2.06054405,8.55042125,5,1.81014595
1,E3,7.63424051,-3.86412245,3.06777014,-26.8465608,19.7244058,9.0897901,6,2.08987917
2,E4,7.14570855,-2.86883756,4.98956456,-21.8743252,32.9427475,9.17535471,7,2.2436176
3,E5,5.68662139,-1.47934045,6.81287819,-14.5819443,49.2232674,8.99674498,8,2.31094817
4,E6,3.80677022,-0,7.89130496,-0,64.2473108,8.76151777,9,1.60648851
5,E7,1.55886443,1.22380025,8.44043914,38.1339984,76.7860584,8.66999183,10,1.49782223
6,E9,8.88482032,-2.69540556,1.08830814,-16.8763274,6.68544656,9.34824357,12,2.43887558
7,E10,8.70883913,-1.83088234,3.18709115,-11.8725454,19.7040587,9.45270116,13,2.97963762
8,E11,7.96264703,-0,5.044718,-0,32.3562154,9.42618308,14,3.1738201
9,E12,5.68662139,1.47934045,6.81287819,14.5819443,49.2232674,8.99674498,15,3.58850509
10,E13,3.25430722,2.43587076,7.60876621,36.8151002,61.8867161,8.62654653,16,3.49222196
11,E15,9.08744089,-0,1.33334501,-0,8.34710324,9.18473685,18,2.23408352
12,E16,9.0764908,-0,3.10543847,-0,18.8879138,9.59304088,19,3.78153286
13,E18,8.70883913,1.83088234,3.18709115,11.8725454,19.7040587,9.45270116,21,7.32132919
14,E19,7.14570855,2.86883756,4.98956456,21.8743252,32.9427475,9.17535471,22,5.01193878
15,E20,5.12164899,3.82579711,5.94284488,36.759195,42.9109626,8.72842581,23,4.39428056
16,E22,8.88482032,2.69540556,1.08830814,16.8763274,6.68544656,9.34824357,25,3.52750147
17,E23,7.63424051,3.86412245,3.06777014,26.8465608,19.7244058,9.0897901,26,9.51500636
18,E24,6.02115996,4.45938719,4.36532148,36.5243617,30.2255144,8.67159345,27,4.71076299
19,E26,6.70909756,5.29180473,0.307434896,38.2646319,2.06054405,8.55042125,29,3.49878317
20,E27,5.45338434,5.68254795,2.83656544,46.1789093,19.806731,8.371192,30,5.09564059
21,E28,4.15784782,5.5466704,4.6276157,53.1443517,33.7258289,8.33475124,31,5.14497654
22,E29,2.6978321,4.76219676,6.29766303,60.4680126,49.0061824,8.34370275,32,4.05628172
23,E30,0.960411022,3.69549097,7.62782813,75.4318345,63.4088919,8.53011166,33,2.85520767
24,E31,-0.684381878,1.95518783,8.56485851,109.291773,76.4034831,8.81180681,34,2.23059823
25,E33,4.12724887,6.3990872,-0.356852241,57.1790106,-2.68315002,7.62298129,36,3.2358838
26,E34,2.96842211,6.82395968,2.43008035,66.4909623,18.084546,7.82836165,37,4.39540997
27,E35,1.49002775,6.41446989,4.74179454,76.9225935,35.7562347,8.11481498,38,3.3091909
28,E36,0.284948655,5.47913021,6.38332782,87.0229472,49.3206082,8.4171811,39,3.17286406
29,E37,-1.51904988,3.90990261,7.76413493,111.23182,61.6195919,8.82477434,40,2.57458668
30,E38,3.61154315,6.55073289,-3.35315593,61.1312193,-24.1449316,8.19749962,41,2.18264815
31,E39,0.850096251,7.19162011,-0.882936903,83.2585492,-6.95142996,7.29531637,42,3.57852157
32,E40,0.032151584,7.39191926,2.1436346,89.7507902,16.1718568,7.69653646,43,3.32548365
33,E41,-0.800953972,6.90505171,4.6000565,96.6164757,33.4946025,8.33557354,44,3.6077147
34,E42,-2.33898431,5.95605507,6.00361353,111.440282,43.1746847,8.77432704,45,3.34303613
35,E43,2.4172994,6.51899513,-5.25363707,69.6547869,-37.0754525,8.71443265,46,4.36218972
36,E44,1.27848941,6.84071771,-3.5553823,79.4138879,-27.0621349,7.81477429,47,4.31688215
37,E45,-1.86623801,7.3046251,-0.629182006,104.331757,-4.77051423,7.5654651,48,3.5759036
38,E46,-2.29857408,7.31251793,2.38529884,107.449714,17.2852345,8.02782734,49,3.30234607
39,E47,-3.01181953,6.73731376,4.1783902,114.086346,29.5180034,8.48064846,50,3.3096167
40,E50,-4.02351205,6.78248072,-0.232191092,120.677321,-1.6864755,7.88952512,53,3.60768021
41,E51,-4.66703605,6.55803003,2.7499896,125.437638,18.8626938,8.50596415,54,3.51130256
42,E52,-4.4948217,5.8312415,4.9553477,127.625657,33.9425205,8.874811,55,3.29699889
43,E53,-4.03702008,4.19351886,6.98292004,133.910686,50.185608,9.09089125,56,2.71615185
44,E54,-3.41483563,2.27075207,8.20455655,146.377416,63.4426245,9.17235878,57,3.01042833
45,E55,-2.13834351,-2.61871554e-16,8.7918759,-180,76.330052,9.04818185,58,1.60643023
46,E57,-3.73955416,6.58043831,-2.99108443,119.608852,-21.5632934,8.13836714,60,3.95856388
47,E58,-5.7557822,6.03474684,0.051843011,133.644631,0.356178283,8.33965742,61,4.5290122
48,E59,-6.43783302,5.2045018,2.98444429,141.047077,19.8246466,8.79996822,62,3.96744853
49,E60,-6.06156144,4.1169295,5.3657573,145.81619,36.2146057,9.08201448,63,3.83777494
50,E61,-5.48105743,2.34491488,7.05774861,156.837714,49.8126232,9.23863799,64,4.41297829
51,E62,-6.67669403,-8.17659198e-16,6.46520826,-180,44.0780485,9.29393141,65,5.57093776
52,E64,-5.87030268,5.40409139,-2.89164004,137.367908,-19.9208053,8.48682741,67,7.35786821
53,E65,-7.28055241,4.6453023,0.130139701,147.460391,0.863322411,8.63725727,68,5.15481473
54,E66,-7.6654877,3.60829316,3.12993165,154.792728,20.2758511,9.03194073,69,4.91296348
55,E67,-7.35441738,1.84464442,5.22400173,165.919477,34.5660591,9.20762521,70,4.87333341
56,E69,-7.60301084,3.52884803,-2.81803787,155.102183,-18.5826266,8.84306958,72,6.50559007
57,E70,-8.60796685,2.73883802,0.239368223,162.350242,1.517913,9.03635015,73,7.15265837
58,E71,-8.43748699,1.4049674,3.2772849,170.546138,20.9640401,9.16000636,74,6.47960994
59,E72,-7.82989683,-9.58885809e-16,4.68762223,-180,30.9082191,9.12584716,75,6.41307494
60,E74,-8.45520863,1.12573119,-2.63283233,172.416209,-17.1534762,8.92690482,77,10.4148469
61,E75,-8.9966865,-1.10177633e-15,0.487952047,-180,3.10450158,9.00990927,78,7.97436125
62,E76,-8.43748699,-1.4049674,3.2772849,-170.546138,20.9640401,9.16000636,79,6.53199437
63,E77,-7.35441738,-1.84464442,5.22400173,-165.919477,34.5660591,9.20762521,80,6.39392887
64,E78,-5.48105743,-2.34491488,7.05774861,-156.837714,49.8126232,9.23863799,81,3.90555297
65,E79,-3.41483563,-2.27075207,8.20455655,-146.377416,63.4426245,9.17235878,82,2.39798405
66,E80,-0.684381878,-1.95518783,8.56485851,-109.291773,76.4034831,8.81180681,83,0.898668306
67,E82,-8.45520863,-1.12573119,-2.63283233,-172.416209,-17.1534762,8.92690482,85,9.02069361
68,E83,-8.60796685,-2.73883802,0.239368223,-162.350242,1.517913,9.03635015,86,7.47164028
69,E84,-7.6654877,-3.60829316,3.12993165,-154.792728,20.2758511,9.03194073,87,5.55874787
70,E85,-6.06156144,-4.1169295,5.3657573,-145.81619,36.2146057,9.08201448,88,4.31434192
71,E86,-4.03702008,-4.19351886,6.98292004,-133.910686,50.185608,9.09089125,89,2.70728817
72,E87,-1.51904988,-3.90990261,7.76413493,-111.23182,61.6195919,8.82477434,90,1.89524895
73,E89,-7.60301084,-3.52884803,-2.81803787,-155.102183,-18.5826266,8.84306958,92,9.95712844
74,E90,-7.28055241,-4.6453023,0.130139701,-147.460391,0.863322411,8.63725727,93,6.72817407
75,E91,-6.43783302,-5.2045018,2.98444429,-141.047077,19.8246466,8.79996822,94,4.43467699
76,E92,-4.4948217,-5.8312415,4.9553477,-127.625657,33.9425205,8.874811,95,3.20845249
77,E93,-2.33898431,-5.95605507,6.00361353,-111.440282,43.1746847,8.77432704,96,2.51817745
78,E95,-5.87030268,-5.40409139,-2.89164004,-137.367908,-19.9208053,8.48682741,98,7.52787989
79,E96,-5.7557822,-6.03474684,0.051843011,-133.644631,0.356178283,8.33965742,99,5.45603517
80,E97,-4.66703605,-6.55803003,2.7499896,-125.437638,18.8626938,8.50596415,100,3.32678763
81,E98,-3.01181953,-6.73731376,4.1783902,-114.086346,29.5180034,8.48064846,101,2.70227315
82,E100,-3.73955416,-6.58043831,-2.99108443,-119.608852,-21.5632934,8.13836714,103,4.18666872
83,E101,-4.02351205,-6.78248072,-0.232191092,-120.677321,-1.6864755,7.88952512,104,3.4792926
84,E102,-2.29857408,-7.31251793,2.38529884,-107.449714,17.2852345,8.02782734,105,2.76898255
85,E103,-0.800953972,-6.90505171,4.6000565,-96.6164757,33.4946025,8.33557354,106,2.11590855
86,E104,0.284948655,-5.47913021,6.38332782,-87.0229472,49.3206082,8.4171811,107,1.6911047
87,E105,0.960411022,-3.69549097,7.62782813,-75.4318345,63.4088919,8.53011166,108,1.19263822
88,E106,1.55886443,-1.22380025,8.44043914,-38.1339984,76.7860584,8.66999183,109,0.907103987
89,E108,-1.86623801,-7.3046251,-0.629182006,-104.331757,-4.77051423,7.5654651,111,2.70522485
90,E109,0.032151584,-7.39191926,2.1436346,-89.7507902,16.1718568,7.69653646,112,2.30199064
91,E110,1.49002775,-6.41446989,4.74179454,-76.9225935,35.7562347,8.11481498,113,1.43892354
92,E111,2.6978321,-4.76219676,6.29766303,-60.4680126,49.0061824,8.34370275,114,1.64918482
93,E112,3.25430722,-2.43587076,7.60876621,-36.8151002,61.8867161,8.62654653,115,2.05941669
94,E114,1.27848941,-6.84071771,-3.5553823,-79.4138879,-27.0621349,7.81477429,117,2.49541632
95,E115,0.850096251,-7.19162011,-0.882936903,-83.2585492,-6.95142996,7.29531637,118,1.59917065
96,E116,2.96842211,-6.82395968,2.43008035,-66.4909623,18.084546,7.82836165,119,1.44000266
97,E117,4.15784782,-5.5466704,4.6276157,-53.1443517,33.7258289,8.33475124,120,1.6700817
98,E118,5.12164899,-3.82579711,5.94284488,-36.759195,42.9109626,8.72842581,121,2.1350698
99,E120,2.4172994,-6.51899513,-5.25363707,-69.6547869,-37.0754525,8.71443265,123,1.74626615
100,E121,3.61154315,-6.55073289,-3.35315593,-61.1312193,-24.1449316,8.19749962,124,2.53140716
101,E122,4.12724887,-6.3990872,-0.356852241,-57.1790106,-2.68315002,7.62298129,125,1.1908514
102,E123,5.45338434,-5.68254795,2.83656544,-46.1789093,19.806731,8.371192,126,1.68878407
103,E124,6.02115996,-4.45938719,4.36532148,-36.5243617,30.2255144,8.67159345,127,1.88984144
104,Cz,5.44918034e-16,0,8.89918684,0,90,8.89918684,132,0
