band,target,R2
0-100ms,surprisal,0.0013761017579209112
0-100ms,zipf,-0.00039120876054776765
0-100ms,length,-0.0001076458984632378
0-100ms,trt_ms,0.0034900865504656764
0-100ms,valence,-0.0045332139806721905
0-100ms,abs_valence,-0.00679215058673921
100-200ms,surprisal,0.0010310096904633248
100-200ms,zipf,5.824960286371361e-05
100-200ms,length,0.0006380782985773159
100-200ms,trt_ms,0.004112701788209883
100-200ms,valence,-0.012249316744112226
100-200ms,abs_valence,-0.017225662548494114
200-300ms,surprisal,-0.0010441878670754967
200-300ms,zipf,0.0008751873367403018
200-300ms,length,-1.4268066471867513e-05
200-300ms,trt_ms,0.0018039068240576217
200-300ms,valence,-0.005171855541997061
200-300ms,abs_valence,-0.010831584469693345
300-400ms,surprisal,-0.000493851674405299
300-400ms,zipf,-0.0013899669380426083
300-400ms,length,-1.3126852674405498e-05
300-400ms,trt_ms,-0.0030453888944284024
300-400ms,valence,-0.005280428119088132
300-400ms,abs_valence,-0.01167644519341371
400-500ms,surprisal,-0.0006431470033760878
400-500ms,zipf,-0.000674827782974674
400-500ms,length,-9.18245037804244e-05
400-500ms,trt_ms,-0.0014576299805972859
400-500ms,valence,-0.002253381701670998
400-500ms,abs_valence,-0.013280677111484396
500-600ms,surprisal,-0.0003472766288838969
500-600ms,zipf,-0.0004057380998123694
500-600ms,length,3.082464779413652e-05
500-600ms,trt_ms,-0.0017887497332360613
500-600ms,valence,-0.010809004681962664
500-600ms,abs_valence,-0.007119677084172382
600-700ms,surprisal,-0.0007234510659235305
600-700ms,zipf,-0.0003541464048339993
600-700ms,length,-0.00015896507618395894
600-700ms,trt_ms,-0.00153445583316425
600-700ms,valence,-0.009050385273515982
600-700ms,abs_valence,-0.013746615612954871
N400_300-500ms,surprisal,-0.0005924014653764242
N400_300-500ms,zipf,-0.0012353383904513127
N400_300-500ms,length,-4.5948841567611254e-05
N400_300-500ms,trt_ms,-0.0015012170155908056
N400_300-500ms,valence,-0.0031831327947486887
N400_300-500ms,abs_valence,-0.014388023229895186
