representation,target,rows,metric,score,null_mean,null_q95,p_value
word_eeg_mean · single reader,sentence_label,3466,macro_F1,0.27063148180583485,0.25167984114664366,0.2762405497812527,0.13725490196078433
word_eeg_mean · single reader,n_words,3466,R2,0.03383829924819515,-0.006977986982230249,-0.0019286219084389661,0.0196078431372549
word_eeg_mean · single reader,mean_zipf,3466,R2,-0.1263904961731983,-0.008581466056754193,-0.0019068297306753207,1.0
word_eeg_mean · single reader,mean_surprisal,3466,R2,-0.18878702417784865,-0.007238415082045538,-0.002092631353005492,1.0
word_eeg_mean · single reader,mean_valence,2932,R2,-0.014571469196464681,-0.007997316185253353,-0.0017912924825608156,0.9019607843137255
word_eeg_mean · reader-averaged,sentence_label,400,macro_F1,0.3113396006072093,0.2554838383363692,0.29186797638197604,0.0392156862745098
word_eeg_mean · reader-averaged,n_words,400,R2,0.11633049417282326,-0.01507953840584946,0.0012359145817799288,0.0196078431372549
word_eeg_mean · reader-averaged,mean_zipf,400,R2,-0.9967830277200347,-0.049700241781527536,-0.000143882767060831,1.0
word_eeg_mean · reader-averaged,mean_surprisal,400,R2,-0.921843338662437,-0.053996729884019816,-0.0014790024671069055,1.0
word_eeg_mean · reader-averaged,mean_valence,339,R2,-1.7120152052218267,-1.1743807728059565,-0.14873851004315367,0.9019607843137255
