reader,word_item,residual
0.023296241763067986,0.18364323733182636,0.7930653490433843
0.01588225410539083,0.18679738422013087,0.7973222538238107
0.016797041124102418,0.1876053851909242,0.795599200348247
0.014115236659275008,0.1905414911666839,0.7953451226799858
0.015175069416804533,0.1926954325751333,0.792128076217904
0.018416339447684272,0.19272089277371152,0.7888675617838016
0.01631392423504309,0.1937846074886746,0.7899025905788916
0.014409681877745722,0.19066420405279208,0.7949305235780418
0.015025465096478155,0.18898711482863825,0.795991323619522
0.013323389945494112,0.18590131521386258,0.8007764653139379
0.015589201544730336,0.18504117097926326,0.7993717706014184
0.014194892964333766,0.18943264918560304,0.7963763802505834
0.015777128367931166,0.19072053197326047,0.7935051447090812
0.015097083483698984,0.1886096794365419,0.7962957577191463
0.014527437841181007,0.18334344192014335,0.8021367659293684
0.012323740191949196,0.1808524016591924,0.8068305181925294
0.016403340997718646,0.18741742171547932,0.7961879705332131
0.017529902305513864,0.1842560770222586,0.798217630794494
0.01389605046198947,0.18037415141454635,0.8057328711181716
0.017043057875484206,0.18631527921185198,0.7966407052298136
0.015471007431452058,0.18217048858643412,0.8023618419598472
0.007495849205456565,0.17904292579852532,0.8134693996586624
0.009683893276268918,0.1815097622020296,0.8088083088713224
0.011201450842316892,0.1862094310889767,0.8025948294403106
0.013282911315552735,0.1935471911693068,0.7931710218837319
0.01263291123590853,0.18167495168687567,0.8056974941379452
0.007919264469947548,0.17967659849346837,0.8124070648159101
0.005651264078502074,0.1807565413510302,0.8135942844292958
0.004761000451223701,0.18210273994825021,0.8131418441205784
0.005224106424223204,0.187880456982858,0.8068996212879374
0.013852725401681688,0.18715429409775589,0.7989977310703572
0.003523860845735123,0.1767473300631455,0.8197342143723352
0.003466296824136279,0.17913532233648766,0.8174021477352433
0.0026804437088321234,0.18117002822083653,0.816156017527473
0.004237537585439926,0.18273348502312045,0.813033306649141
0.008331355458717256,0.18561216829156846,0.8060625151029072
0.006150714064331696,0.1798864368794052,0.8139668146712672
0.0039621669958288894,0.17598378906901607,0.820058029140213
0.004845497827956303,0.17730118760063304,0.8178570581908273
0.005657193307391978,0.1809343720733137,0.8134103819636896
0.011785909371761076,0.17362660387352963,0.8145920781104296
0.011865220537254575,0.17661674523551288,0.8115206582546647
0.006682067184558181,0.18030578837958236,0.8130094150680647
0.0060948547241224185,0.1821745655068077,0.8117364710042944
0.003174029302051261,0.18224698072501835,0.8145812078451239
0.008628125792623419,0.18623637847601784,0.8051450826024744
0.011370488144090566,0.17601581599915447,0.8126179736718071
0.024720475375285923,0.17834298376154537,0.796937718899817
0.018923364634457856,0.18088510134552788,0.8001948033699657
0.008557788707479003,0.18296376115636534,0.8084831698234193
0.005204802088129843,0.1791286630092467,0.8156690142414301
0.01091504100044706,0.18360885427793,0.8054789249359555
0.019357351179746598,0.1809955891100104,0.7996488393055347
0.03546646252477209,0.18327991286516837,0.7812555278664526
0.0200512342702413,0.18814327695190916,0.7918084684193165
0.014034429850310937,0.18790650220364474,0.7980631112128607
0.032644405560617665,0.1851693603741907,0.7821882229070652
0.03255822467608965,0.19256063183777716,0.7748860459385151
0.016244083425138518,0.1928791658624676,0.7908785332525532
0.017217946465550714,0.19330971147990852,0.7894737572595819
0.034708904628874084,0.18996345086344654,0.7753307292316317
0.029114853690093066,0.20050806668869486,0.7703769975524286
0.027405358332042256,0.1977240181523784,0.7748725625052245
0.015795322403904157,0.1885103071885005,0.7956940288080018
0.01324256135002021,0.18172564442430073,0.8050363223404043
0.008501220145900578,0.17679963083395409,0.8147035587438879
0.014013866247532512,0.19437509947436837,0.7916136540550278
0.04033375036938631,0.19539569843877364,0.764277590871654
0.04088719445274163,0.20192011335011334,0.7571998435063121
0.027044686288425743,0.19789303991927276,0.7750643242139911
0.017705299373741684,0.18665162449794662,0.7956465719213158
0.009443442565837958,0.1757359049047443,0.8148250066375473
0.008622255905652364,0.17644332504675436,0.8149378556450811
0.03276821507958963,0.19507140211517135,0.7721622271090506
0.030684902676822196,0.1959057285578495,0.7734143235854847
0.02246533274428455,0.19097020546758708,0.7865679545210356
0.012525378343674317,0.18199310935176416,0.8054868205709873
0.004394333065968216,0.1743528268205625,0.8212514373680454
0.01846381372341,0.1858010501033412,0.7957395357035065
0.015114581888383478,0.18828857381846698,0.7966024499498026
0.013198646816003676,0.1819207330704048,0.8048836793889284
0.005467738389106911,0.17724735418602117,0.817291915964939
0.006293866020602345,0.17978226555278337,0.8139271134409605
0.005891454348816858,0.18033649412031666,0.8137731562381536
0.0027374698567186684,0.1757179142054347,0.8215508785399456
0.0052712237627718225,0.17448372777323057,0.8202510563011134
0.008761321875583533,0.17649242339833343,0.8147529325659144
0.01389762541716344,0.18755091836558577,0.7985525691813024
0.01806348089061885,0.19556811383836695,0.7863724552232606
0.002024171448992386,0.17447265418994895,0.823509686986595
0.006302650062129015,0.17517008246129503,0.8185343672467361
0.013560678784193399,0.1767044888090543,0.8097386410239372
0.01785933318826418,0.18432527739761526,0.7978189429620391
0.013958082850047038,0.19121577739982554,0.7948234991868636
0.010364961286253792,0.1797787269953724,0.8098586868187545
0.008379055273700621,0.17429358868793057,0.8173329305616504
0.02311247623830377,0.17601027869141483,0.8008791262193671
0.019946172206358807,0.18282820007030268,0.7972286739823919
0.013960856902268512,0.18693735136995,0.7991039664833771
0.01083810562362562,0.18008890054454565,0.8090745622558845
0.015245203694145861,0.18380772428929384,0.8009502688761017
0.026088221296302984,0.18110309189083224,0.7928164492969423
0.0205993977789047,0.18602874640548547,0.7933744857199304
0.01813777594327159,0.18743433465867132,0.7944317149443794
0.0033702836819097825,0.1775114672947453,0.8191175623032239
0.0019812630332351876,0.17496249683136444,0.8230651610558745
0.002152625086112525,0.17805537644710867,0.819800820678889
0.0022991188701810858,0.18023074960502458,0.8174771386733193
0.00240814637752024,0.1853882812207744,0.8122100144351193
0.004129974847348411,0.18652581928403658,0.8093469984030718
0.002988822601393362,0.1808413487562833,0.816170998840171
0.0026030359447764616,0.18198723909322645,0.8154155484820579
0.0024267545775674576,0.18066125256481932,0.8169121087292982
0.0022606546205644856,0.18196434396912184,0.8157778841260576
0.003110934566378294,0.1837087696921479,0.8131879719944726
0.0026927032163762492,0.18164306797668456,0.8156654271416892
0.0030816681856585424,0.1816215636183828,0.8153029774888699
0.0031820136129137853,0.1823323505715421,0.8144878776213978
0.00214337205565188,0.18173089233396053,0.816126376648278
0.002336655558916152,0.1825075927152495,0.8151600276051615
0.0032897797397304844,0.18239974233632839,0.8143143305699619
0.0024974655782845005,0.17995806813823115,0.8175532607907178
0.0018954712145271455,0.18097072363378985,0.8171402796756257
0.0039592800112336415,0.1829228838399598,0.8131230112859518
0.0020969017247523475,0.18116201336856824,0.8167475049109787
0.004536896500461755,0.18011241366199,0.8153502582373275
0.003671939728199591,0.1823479430674359,0.8139847303378389
0.004214944750779987,0.184972147222282,0.8108192553936766
0.005774000491003976,0.18992188437075502,0.8043090372966382
0.0011585562711916768,0.17962382087633866,0.8192177171153688
0.0012064095386994042,0.1808594508082901,0.8179430408991074
0.00338518295749885,0.17895704648721697,0.8176589267558909
0.003382481664788423,0.18229869707229404,0.8143229746750293
0.0035811067673976052,0.18742029648928965,0.8090011571655052
0.0034810929659738112,0.18236851083621133,0.8141526916307138
0.0007209904410970501,0.17357790689422006,0.8257077387575407
0.0013498575582964942,0.17605841555730203,0.822596776791423
0.001608933840865554,0.17869405829446816,0.8196962885849198
0.0020380969156930497,0.17801753251339758,0.8199469206857297
0.001138893848493905,0.18399001274971777,0.8148741261427795
0.0008426427075309479,0.17945612493675916,0.8197048566370264
0.0011661119376956373,0.17168823508122144,0.8271494363516099
0.0009736052169888502,0.17479797406397407,0.8242322278237155
0.001172906305156351,0.17901797704163158,0.8198132253257244
0.0023317335519754704,0.17220632540594766,0.8254610866323017
0.0013363205829350555,0.17409347942393333,0.8245739420174455
0.0010588151721379353,0.17829557361968085,0.8206447500440575
0.001680043046037005,0.18037860576057438,0.8179463172630699
0.0024620485528714826,0.18236847698735653,0.8151709661643307
0.007032141943055872,0.1852926620172318,0.8076794247905335
0.0038909917688554267,0.17904111084613364,0.8170708399658143
0.00537986145839638,0.17841085804361512,0.8162110361491849
0.0036670863567643867,0.17738387427671543,0.8189501072367322
0.002565687862702256,0.17988364778305613,0.8175557944058212
0.0014307117193488737,0.1785229974336823,0.8200518991923378
0.0020929523904968015,0.1795449264946712,0.8183699147860214
0.008946161785780121,0.18603261874495633,0.8050194294450231
0.009179094164518642,0.18103863824416422,0.8097844452809426
0.007683081446775161,0.17951859356264838,0.8128040866194545
0.004993032970720742,0.18035930963810576,0.8146461985208856
0.015467387035176599,0.18445629353580745,0.8000793006795075
0.013504043082377494,0.1842127189927008,0.8022844497859529
0.011750760988746976,0.18019818359824005,0.8080520899149544
0.0063325683945284475,0.18119785505777675,0.8124733940283281
0.014657275829294244,0.18501798750685544,0.8003256806187631
0.014730668367756865,0.18528892741803354,0.7999858763110819
0.008750992247261549,0.17943295530503872,0.8118211719136106
0.002994485396938276,0.18062581173441974,0.8163797215210109
0.0013892994921399717,0.1815436505271599,0.8170701128909436
0.004213990426912397,0.18480200798539093,0.8109883993326461
0.007763181840612239,0.18261186665128598,0.8096306160921862
0.014357111157222982,0.18634617411019697,0.7993000034370157
0.009173581875330862,0.1858349195114028,0.804993216604672
0.005321682672758011,0.18287041428390652,0.8118087777778685
0.002154842549411261,0.18318044024489097,0.8146701612149647
0.0022224618363369526,0.18071228048147683,0.8170710627152246
0.004725559831045334,0.1788017299051868,0.8164736273161761
0.01035403428027039,0.1866038570489265,0.8030435186226182
0.004527546812353626,0.18342657533925757,0.8120500621424178
0.0022685309788805417,0.1825409204327814,0.8151926244314909
0.0010825573914941807,0.1866290864078685,0.8122910253382575
0.0024528549526913303,0.18547209403943296,0.8120819309054588
0.003648783395203157,0.1833735451985489,0.8129847108907767
0.0017274431330356129,0.1809698023088854,0.8173103470208152
0.0007257068315763877,0.18296738602124452,0.8163118444677546
0.0016540639593343406,0.1844726719262898,0.8138792379765969
0.002053688399912321,0.17950606118701493,0.8184450745660182
0.0009823295040030046,0.1800545672170132,0.8189629674441112
0.001457791474838126,0.18196101703982828,0.8165895697926471
0.002143639169851831,0.18118348878174212,0.8166788139253652
0.0031278364488915413,0.1780912267611869,0.8187834817978279
0.004079483244042963,0.18107123972011535,0.8148496374603865
0.004305296750228612,0.18543288179399794,0.8102655129069166
0.0009248354440111683,0.17800657486402294,0.8210736442391136
0.0016841446011065413,0.17906997882927278,0.8192511029304561
0.0026305691807213803,0.1773616885456405,0.8200110064970163
0.003084701582572782,0.1780415665952915,0.8188787733393496
0.0027701914681992957,0.18009223864143384,0.8171412610676488
0.0018306894741311332,0.1801169339708145,0.8180523831536916
0.001083944132278548,0.17540779547080484,0.8235119831273485
0.0025499359762542395,0.17436227183968073,0.8230908004449219
0.002662924489530729,0.17608592202519463,0.8212574071885972
0.0023676125125907444,0.17879699145282968,0.8188377472589708
0.001469845822812057,0.17565933395127808,0.822874062904458
0.0030334397530405637,0.18388068201094607,0.813087626543451
0.0025136913275898213,0.1794284414395836,0.8180596276636491
0.0021500177860483837,0.17742565861952733,0.8204322819015288
0.0019073499685541523,0.1773297963298272,0.8207659936434623
0.0029941325510907542,0.17948357077760646,0.8175284564905745
0.002557577812431393,0.1777360443087535,0.8197103663421723
0.0026695217674056575,0.17840463052240102,0.8189347562084573
0.0024311871204767397,0.18199327197201934,0.8155794067052952
0.0028405557654181657,0.18677834687020825,0.810388404967994
0.004005827816193154,0.18829286904434642,0.8077038694532946
0.002826511011326597,0.18080008063693787,0.8163793580082709
0.0025992528097829957,0.18037038824016077,0.8170350209930073
0.00266422223719934,0.18155580162271534,0.8157836212250802
0.002791814918354996,0.1817743768405313,0.8154378477202076
0.0033346712156685967,0.1836999185071147,0.8129660669863267
0.002577943577268497,0.18047035520396146,0.8169557842390494
0.0029157219603498483,0.18279925455037102,0.8142890544327698
0.003109750731617435,0.18185539702374345,0.815039091758252
0.0025932265634601784,0.18124947633452967,0.8161599330646279
0.0028789003170253463,0.18135906625202688,0.8157661482511807
0.003209208976884034,0.1825680151955802,0.8142260729754167
0.003193963311263615,0.18029123932822366,0.816516143900361
0.0030389811803774977,0.18047458046773127,0.8164871112167948
0.00292061798691698,0.1836799831597388,0.8134062252768213
0.002626133243903056,0.18047646257484895,0.8169000418041776
0.0037217503789276542,0.17786020486062015,0.8184220818822425
0.003410952538154787,0.18310119930869798,0.8134897297282241
0.004629541795888202,0.1902992024983237,0.8050763643926188
0.004852610630687926,0.19177042977258452,0.8033756484978153
0.001953394319239329,0.1823282310581579,0.8157229870615271
0.0024898248452587587,0.17988419366531988,0.8176329810871454
0.0027701774144137862,0.18170039736517013,0.8155365405617041
0.003849778481962629,0.1850340919653489,0.8111220640159558
0.0044513827484239776,0.1892487053293954,0.8063030913145609
0.0020396870771653627,0.1859025240210355,0.8120605653436258
0.0009184380396125843,0.1771208613037975,0.8219630850200069
0.0018659361385289246,0.17755560142893223,0.8205842122861189
0.0027049259085860423,0.17986557622923824,0.8174275957629216
0.0031281115976796417,0.17843576318758234,0.8184341942043379
0.0015479466572742503,0.18330288301139352,0.8151570999284037
0.0011013733949070902,0.18474244071996465,0.8141644960949868
0.000698609148293716,0.1751122264127384,0.8241885988102919
0.001363884229499691,0.17660616773189697,0.8220318811975835
0.002353073656664063,0.1776358750225875,0.8200098006818869
0.0011819008369479984,0.1746422330842898,0.8241807116713021
0.0017114549745669914,0.1742671394527108,0.8240207043477974
0.002612914665176783,0.17613965763111267,0.8212470760596682
0.0031915780192592366,0.1797576129918674,0.8170536850258703
0.003591235282639665,0.18588186289729405,0.8105359273985604
0.003782307974784422,0.18847378229345188,0.8077418149932609
0.002180740030564374,0.18021732958646486,0.8176052747072907
0.0020431581440987783,0.1786189029669652,0.8193418746761535
0.003002650144627631,0.1768962807720181,0.8201034255143808
0.0025957696292207635,0.17890418482203976,0.8185022936505655
0.002376006006207334,0.17860152825348344,0.819027385514174
0.0017937141255977315,0.17865626888443553,0.8195575644103027
0.0029135554461189703,0.18505900180300328,0.8120340167536674
0.0030578264656250216,0.18120185453309687,0.815744543388967
0.003468962689328891,0.17833500766683474,0.8181984019627884
0.0025161155564498083,0.1804666242518773,0.8170161258742682
0.004913762346001944,0.18626741840204847,0.8088198018091286
0.004266057488450066,0.18458816947283282,0.8111492639257872
0.003466759903366592,0.1809789902239886,0.815555659024496
0.002703338686176306,0.1821903375899451,0.8151099746048377
0.007099893777954725,0.1881605653476676,0.8047403722741154
0.005298391225066523,0.18904757334609193,0.8056556193127586
0.0036004821155655596,0.18345493902657972,0.8129510634025906
0.0031571045210670797,0.1851511996337783,0.8116958975524753
0.002878539954330545,0.18208210944400174,0.8150445677250038
0.0018646200171293695,0.18254651775803996,0.8155961099433316
0.0010980494591684218,0.18597484052476243,0.81292993423304
0.008532768018989348,0.1909285725451297,0.8005415458030198
0.006254462916431047,0.1895841260942512,0.8041609783288668
0.006051398458364617,0.18890032963973805,0.8050509230251989
0.005624086365139953,0.18560974198646654,0.8087705923810355
0.0046459373901357615,0.17774294188743128,0.8176144479559332
0.001783385533432526,0.1780475673973025,0.8201726339780514
0.0075886630209172955,0.19123147512674413,0.8011757230204837
0.00797346330958684,0.1914127888677577,0.8006192464124327
0.00868367845076822,0.18932819891044508,0.8019884427680413
0.006508863782053162,0.18589592044967246,0.8075944854011291
0.004989294447171246,0.17960546027484814,0.8154085929352669
0.007226133383628034,0.1890596206358215,0.8037156730568809
0.007469835169939657,0.1889616053200128,0.8035673137822402
0.008862468305427963,0.18544058035510572,0.8057011577790452
0.0062789209222440644,0.1804335737098882,0.8132935198997288
0.005929927002252519,0.1846152750938144,0.8094612963863261
0.00685657009473207,0.1832427170461991,0.8099065466345711
0.005249501604051244,0.18021249482751228,0.8145425140508326
0.0055253183522015826,0.1771272932737086,0.8173525248933652
0.0033266181778776696,0.1739831155138277,0.8226966437675047
0.0018121373340314825,0.18058644215432446,0.8176035185411569
0.0029164927815253493,0.187651939275167,0.809433182183038
0.004138392864148956,0.1779644643561623,0.817901197620066
0.0037510850155305056,0.1769048146948968,0.8193420775990237
0.002769837166690302,0.175886814689301,0.821341934355266
0.002154493606969497,0.18051704665975654,0.8173305928161493
0.0027356439897792562,0.18216238371558519,0.8151060561676865
0.0028193281659492234,0.18069066425559263,0.8164972871549736
0.0024787793157002385,0.17558167961906457,0.8219431203122034
0.0029151024812998547,0.17661348479992006,0.8204785997559518
0.0028426682388964773,0.17962455285151083,0.817536104051795
0.0024526119678845147,0.1805748507655795,0.8169778410976757
0.0010412406450429808,0.17465895728764844,0.8243051894188471
0.0030142407368523834,0.1831449088032427,0.8138414885140853
0.0020363163143767744,0.178922819455021,0.8190453848093073
0.0026237632833184523,0.18152374673839217,0.8158564228318643
0.002725821805189476,0.18054852425674967,0.8167343886889827
0.0037622487537514676,0.1855806782976604,0.8106613933651975
0.0035943746749334884,0.18520006148416213,0.8112122924767081
0.004238743500163455,0.18599609108787626,0.8097713800033389
0.0034582970806521247,0.18964171248685754,0.8069026898285034
0.003322777145924369,0.19108798370949134,0.80559569542722
0.003333163559775805,0.1867058572990529,0.8099636174710572
0.0029047057161603195,0.18484610381734573,0.812253245447953
0.0032216618756127236,0.18449691813843133,0.8122907832750236
0.0033112098806888663,0.1857606546693954,0.8109287556104281
0.0027346606094675228,0.18653794612532146,0.8107302943370778
0.0030317924340840063,0.18463526242967931,0.812334225921928
0.0024519145044534507,0.18075198154466418,0.8167969401573466
0.003308719068467294,0.18630799800232206,0.810389512359147
0.0030721142224538595,0.1844449851483973,0.8124856529291612
0.002887160256688155,0.18505576853776473,0.8120616450762984
0.002488291825248875,0.18216665213731592,0.8153455620693234
0.0029010074437183365,0.1789231799594444,0.8181778532273515
0.0034692342584109787,0.1807155881042249,0.815817994145181
0.0028687291952978825,0.18227657618757412,0.814863944355291
0.002488453950397873,0.1808782527975983,0.8166385032714556
0.0027186913938388843,0.17894203956173454,0.8183442138306369
0.001235286970724564,0.17669057266249366,0.8220777467212464
0.0015884399797283656,0.18110596962009742,0.8173056156388634
0.001807011430362218,0.18353629744943065,0.814659467269839
0.001476706301173802,0.18405809375866247,0.8144666670019752
0.0021207803227961943,0.17875961855656347,0.8191204507589832
0.001458668684345034,0.17770437841077866,0.8208422825568377
0.0005027533216524846,0.17695699741347062,0.8225440932779693
0.0004043961535636297,0.17941387306256593,0.8201812253080856
0.00046830879811106743,0.18699257655699741,0.8125451995880192
0.0013797708088390756,0.18367919971100455,0.814942322207696
0.0008431210205825826,0.17532387755319404,0.8238350447348044
0.0008745529872259229,0.17626574713655965,0.8228619552198534
0.0004943776819864241,0.18157158327595227,0.8179376674966755
0.0007564119559605452,0.18053517964079252,0.8187140047394897
0.0009087622347761336,0.18201957345635783,0.8170749260584232
0.0010141212110242948,0.18114737650937893,0.8178411186514675
0.0008903488782219843,0.1755240240388456,0.8235861149584857
0.000864827089624077,0.17895079939135386,0.8201918645790166
0.0011790281885498569,0.18065968679854463,0.8181664594227838
0.0017322682066182344,0.17686373517167278,0.821408382776731
0.0022384727200888328,0.17876110540504672,0.8190044217478311
0.0017234027226295382,0.1816897566445936,0.8165922478778154
0.0025929344107616563,0.18417967096032198,0.8132339040926041
0.0012699333674594721,0.187141673018558,0.8115974633621604
0.000692021634970821,0.18597374294572866,0.8133377420118949
0.0016140863546403057,0.18303171218418518,0.8153544623044483
0.0030675874751614467,0.18185908152118133,0.81507546079897
0.003579535128742044,0.1815930147097595,0.814833939284588
0.0034583110032416703,0.18484542466201415,0.8117045699400269
0.0034477199528716207,0.18391697373383456,0.8126362363302184
0.004562771437323356,0.18492876848523848,0.8105178789405565
0.0022985576516124776,0.1871590979050758,0.810545303048525
0.005049243845021278,0.1831936559763177,0.8117612813934021
0.005207702356659713,0.18294582049186264,0.811850431452644
0.00568132251143173,0.1864887704669579,0.8078351561417861
0.0033370000989800842,0.1871538170684945,0.8095138670897573
0.005168936565358214,0.18584107974657652,0.8089920701735319
0.006258466989514587,0.18565094966038023,0.8080869117351164
0.006182992504647581,0.18691677428633474,0.8069064866126865
0.0033191462168880117,0.18898617850135838,0.8076964622720374
0.005351163420501735,0.18870654204052612,0.8059450742748474
0.007499929075817705,0.18526404816248984,0.8072425892226287
0.006187976272605744,0.18796774617220588,0.8058495686165134
0.004549561970409468,0.1844433294995258,0.8110056217829621
0.001620503717568545,0.18054073299011406,0.8178414499507745
0.0011086252761350023,0.18665198831174873,0.8122460449073733
0.004251905458687998,0.19046343795445578,0.8052965683169261
0.006813281425258645,0.18808388588909267,0.8051046163798263
0.006972096968602237,0.18703009157155034,0.8059985606620484
0.004890733550277693,0.18194244452478237,0.8131695158097098
0.0021842571352405442,0.17666745236396753,0.821153078623059
0.00022616651022973683,0.1785764333529066,0.8212012964772083
0.0023220877273582197,0.190225527691959,0.8074535729023888
0.0044730059385158704,0.1876419838129505,0.8078892868025634
0.004160785139177527,0.1848127655600511,0.8110329701715714
0.00220794578104338,0.17899498283238244,0.8188009027135957
0.0001934825038137995,0.1745513357083919,0.8252583503410811
0.0009910698411868565,0.18730137838960398,0.8117122747607053
0.0016529618434272737,0.18481159398656494,0.8135383320727448
0.0013279532013254667,0.17953768670247222,0.8191388717893079
0.00031779829701616703,0.1756121122086664,0.8240744269015075
0.00031913353862885087,0.18261679935566333,0.817065871410771
0.00026740849689333975,0.17853106420944365,0.82120294488609
0.00014352805839656785,0.17578294633960825,0.8240760408425012
0.00040942722055706455,0.17584078312722687,0.8237533733399794
0.0012534348691114377,0.1758603176689834,0.8228902037385518
0.002561179765272428,0.18666856864175274,0.8107748086875213
0.003924792418758009,0.1922038306038684,0.8038745632141977
0.00019476364684429599,0.17545741965956996,0.824350888690582
0.0011520406810192078,0.1758851037068169,0.822969286728462
0.0027422050031371444,0.17904046873026697,0.8182215369139962
0.003744517947288131,0.1849068328089916,0.8113501951494768
0.003970946585734337,0.1886922799195442,0.8073398737500195
0.00199457555723096,0.1800651217993925,0.8179432319243599
0.0012042044374988472,0.1718175869813922,0.8269820942762032
0.004604166082360949,0.17842983044349153,0.816971735548252
0.004345817080677329,0.1846030337663906,0.8110550758570941
0.0037074304697530527,0.18681064111399626,0.8094848426945156
0.0017730683831318273,0.17512262132873646,0.823104979721845
0.00192155111059767,0.18156166626708778,0.816519385975946
0.003948421850978851,0.1812674036671279,0.8147868073724668
0.00396927685139867,0.1869798440744717,0.8090519944881898
0.00406485517228311,0.18709672125445706,0.8088420488343655
0.003799849004036179,0.18480676395409915,0.8113984994470307
0.003058381023901338,0.18463140448222692,0.8123161515332064
0.0030505749917298284,0.18646138098347279,0.8104908379459641
0.002304344173516346,0.19026410865545218,0.8074347689793289
0.0021316712315770443,0.18874657720522614,0.809123274076399
0.00268954351735762,0.1823532296592307,0.8149630343374024
0.002525918009093134,0.18704478102064678,0.8104307910701888
0.002376860932196889,0.18585123389056174,0.8117750649401301
0.002235968768834264,0.18828406809323298,0.8094807109629145
0.0015704488778637755,0.18671865877584107,0.8117160260093288
0.00176811312114159,0.1821568627126935,0.8160814295133594
0.0019329505804420134,0.18142480224030055,0.8166472117281334
0.002355275400517603,0.1882455406148159,0.8094037930974664
0.0021065922320130563,0.1849316852916192,0.8129654441553861
0.0018149858660369625,0.1857998862546276,0.8123905295818983
0.0012566366107136298,0.18179552278897596,0.8169501722858509
0.002089905050703815,0.1781969882129367,0.8197143129872372
0.0025277288861921864,0.18266691097877447,0.8148084706024327
0.0017034087157866895,0.18247924708391156,0.8158199139428425
0.002430689401007228,0.18010850718544938,0.8174637919947426
0.0020141469225977986,0.18124602467262235,0.8167467013824842
0.0004408187476747796,0.17592439348531705,0.8236296971742404
0.0008999432036319608,0.17685732068641755,0.8222473391566607
0.0016272310578374517,0.1788396811354277,0.8195328834303334
0.0022346548913674065,0.1766876829291451,0.8210809190131142
0.0018788716882458783,0.18125096030666588,0.8168732127611962
0.0010278337700999848,0.1807387129385168,0.8182351142712464
0.0005411321251456836,0.17924352436656263,0.8202203276372422
0.0004896793640136178,0.18047238151114897,0.8190397029027837
0.0015200657035255153,0.18192007031010293,0.8165673891669778
0.0018156208896243896,0.18137025764591413,0.8168149818552093
0.0005993886455099972,0.17742005761409982,0.8219844811744874
0.0005833109523123694,0.179553567829358,0.819866092538849
0.0003984851893482364,0.1830678250429811,0.8165341285296236
0.0006374903326423503,0.17914642824467886,0.8202226622914531
0.0009412156257208418,0.1819380777480636,0.8171286672672421
0.0011467577596521927,0.17760822523329328,0.8212501187411869
0.00011652521044963417,0.17515178574573337,0.8247356584839671
0.0002825446260316823,0.17982017985586696,0.8199014118429331
0.0006017498513104892,0.1814981452026842,0.8179023366458216
0.0005230431501154119,0.17627291995006952,0.8232110121774465
0.0008495793824719836,0.1812904981959584,0.8178605623061066
0.001529628422074077,0.18066142038511893,0.8178140323331833
0.001978028444904834,0.18150160301840193,0.8165243487667666
0.0016278560154009652,0.18344120183040244,0.8149322176327234
0.0009492224250565101,0.18421478642334246,0.8148368219772479
0.0010139538887549272,0.18264149087771603,0.8163487018659691
0.0016110925303563768,0.18305108199593315,0.815344984765477
0.003232262530403448,0.1842603008684349,0.8125159112340231
0.0027861194676076346,0.18453589118572647,0.8126865217178814
0.0025302387477849644,0.18357851328271485,0.8138955304955634
0.003770521829035019,0.18714951248769465,0.8090883737719717
0.0018034620169300518,0.18776024649862644,0.8104419141881233
0.0038104936515158017,0.18560414241987214,0.8105885308242224
0.0049252858770347215,0.18582615602829375,0.8092513373132958
0.005125722284605117,0.1870277324591967,0.807849532301145
0.0026778294896717693,0.18592480070715867,0.8113947540610488
0.004421420819071849,0.18677749110350966,0.8088100494412195
0.006321432248892145,0.18769330599396247,0.8059884450875744
0.005203547527055984,0.18795642838571638,0.8068422674489638
0.002920208801908258,0.18632391182103386,0.810761445167072
0.0039030033717204326,0.18834338242164037,0.8077546688985275
0.005240653619526983,0.1851910567207723,0.8095721333822834
0.005116045157960093,0.1886587863274795,0.806232656733292
0.003362754639183624,0.18353564133048023,0.8131054595896023
0.0008376755082568962,0.18260879899458687,0.8165581837047723
0.0012924075719236705,0.18563515587312898,0.8130787292648135
0.0036581638803590733,0.1877676094186565,0.8085766522229725
0.004436594216538864,0.1857954335062396,0.8097709422969523
0.004880266922235934,0.18399075780363708,0.811136484042179
0.004021569155906953,0.18343969632564777,0.8125369361628875
0.0014616411380374728,0.17715885965854103,0.8213854151344319
0.000393278397890137,0.17943543981390725,0.8201767724026601
0.0025283919700704125,0.1865789132961203,0.8108943615367515
0.003984376599524191,0.18532169761516462,0.8106923346980867
0.003856523093930937,0.18260735403687897,0.8135339615800112
0.0019318149842324338,0.18007257627788673,0.8180017080297071
0.00047961681582052104,0.17615330026216014,0.8233693822216033
0.0019345176045959566,0.18574419447834187,0.8123225703084662
0.002440029642346869,0.18250134192238918,0.8150637342006344
0.001738030115831028,0.1781339959149488,0.8201339199443688
0.0004580007760411904,0.17574219153881834,0.8238042192238539
0.0009471770941876639,0.17973566442797043,0.8193185628583984
0.0012501271182306045,0.17812023321125045,0.8206321556155234
0.0002620980840892694,0.1764788782564665,0.8232681037146226
0.0008456944500884473,0.175349514641621,0.8238086581077126
0.0017502116893087652,0.17432117600240313,0.8239323341565997
0.002116103043095163,0.18407307664029657,0.813814424766215
0.0031249309223124818,0.18750953182616642,0.8093674842143184
0.0005764220657707595,0.1754647722595303,0.8239626264630813
0.0011563028279359842,0.17647627121529297,0.8223717031546169
0.002975428037671271,0.1785593163085947,0.8184639223313239
0.003243999873239851,0.18305248882566233,0.8137093707433976
0.0026794061309365555,0.186295612978136,0.8110310229215182
0.0023704345088252287,0.1792275257370497,0.8184061636938466
0.001681841713770404,0.17156097319621175,0.8267640408426636
0.0047915564224987744,0.1764735030167248,0.8187374320775314
0.004021343566827573,0.18165432500699502,0.8143268608019281
0.0027236942462370403,0.1855305067816198,0.8117515179881627
0.0014900349467814684,0.17545518777932673,0.8230560424501012
0.0020326108024022187,0.17902914941445916,0.8189404352011856
0.004335228636516825,0.18068612470178338,0.8149770874556852
0.0036819438401843423,0.18263613907651938,0.8136843779820241
0.0034354386854492133,0.1869677661615582,0.8096058085316193
0.00223709443530824,0.18718428611380689,0.8105849356504969
0.0017665526463367753,0.18540596032671094,0.8128302131987573
0.0019576735770067055,0.18952342868655275,0.8085198700911539
0.0012613105324552397,0.19280958820893346,0.8059352537596737
0.0012275720717357364,0.19342603099949876,0.8053521439830315
0.0016185267693819667,0.18738538465160454,0.8109999407608104
0.0013579262475322605,0.19066797602606433,0.8079804024644275
0.0012671112051536198,0.19127618001114788,0.8074642204855698
0.0010485579707694614,0.19255356410078153,0.806396031408678
0.0008477532916413174,0.18913949408529238,0.8100174915563416
0.0009483075751211412,0.18707447637456512,0.8119802856470454
0.0012568312266157636,0.18573485420595712,0.8130140842021012
0.001248476044481628,0.19278027406650933,0.8059764329371918
0.0011016562798926385,0.19068992776617102,0.8082112342253291
0.0008814997674938753,0.18836795407434503,0.8107540253822169
0.0007689114344155414,0.18406084889885505,0.8151734448164533
0.0014152130447417815,0.18266844324749087,0.8159224302849815
0.001780630094265544,0.18365286706905354,0.8145649934814803
0.0012408020072194688,0.18451033683690907,0.8142498265611746
0.0018791621089289188,0.1817970482579618,0.8163249571096772
0.0016162608425240707,0.18110222999299855,0.8172862911329244
0.0007565061335672841,0.17695976185842915,0.8222857744431896
0.0006035915950427222,0.1798491308809693,0.8195496556859339
0.0010739921007905315,0.18269147002525524,0.8162371393917691
0.0012984561971879896,0.17719951440206358,0.8215013050274129
0.0014223007213391005,0.1828351709390825,0.815748034519801
0.0007380865300506906,0.17999966762358674,0.8192636120124276
0.0002623906896745904,0.17917280276981157,0.8205679221009036
0.00047367623644623984,0.1785899424035032,0.820943233455283
0.0006476736267940469,0.18151272937025145,0.8178448465765185
0.0009818494984296191,0.18611664281028448,0.8129105262265117
0.0005456425056574594,0.17929974193547046,0.8201638276830312
0.00041672688991606393,0.17984564596091893,0.8197464582333741
0.00038509925740489283,0.1822347604074098,0.817386222533416
0.0006513288213235178,0.18187663220687253,0.8174751679064446
0.0008283964889472548,0.18030488554171403,0.8188713127815826
0.0007648816228884924,0.18058614775577383,0.818653416563431
0.00041758647099063295,0.1783997632765198,0.8211846551088566
0.0004031922537369593,0.1810506619875744,0.8185510238403255
0.0007531714134724596,0.1826682646847324,0.816583912366026
0.000520023219532681,0.1782586993802838,0.8212252377944083
0.0007971774608439171,0.1834679175145203,0.8157385635170824
0.0008572360337245966,0.18417137702886438,0.8149788560362482
0.0012395025862876592,0.1863197699578935,0.812447916250207
0.000844032754185314,0.18729787818561866,0.8118628589620107
0.001083676780222923,0.18266261521129823,0.8162552780236683
0.0006329127898118778,0.18462073772326945,0.8147509030627944
0.0006200202264401722,0.1835209149929464,0.815862308073282
0.0009567888322121342,0.1874712543976712,0.811570918649179
0.001213132550037427,0.19033427664167787,0.8084601832350435
0.0015465591521756153,0.18953781631413755,0.8089242347149959
0.002002590876788878,0.19216295261225105,0.8058400110202103
0.0006986923597916158,0.18841107034438592,0.8108874706128142
0.0010168564683580863,0.18685469864643897,0.8121324309698442
0.0014217159183048914,0.19164815292294549,0.8069360635091087
0.0023457324420483434,0.19392309282623285,0.8037366660919327
0.0010996143910775985,0.18796153503341226,0.8109462933644906
0.001632879362244757,0.1909500274784983,0.8074155466321082
0.002132303672024665,0.19339802610919546,0.8044720030082927
0.002519702576836105,0.19381838708402432,0.8036654212115923
0.0014671342330574543,0.18962074673256035,0.8089227154979471
0.002775669884021533,0.19204359619657832,0.8051842851000516
0.003517425857506329,0.19229658942020775,0.8041897262488856
0.0032637435429890256,0.194088219134391,0.8026493046848578
0.0025866925049374927,0.18683428033527577,0.8105915681238992
0.0009663817778458964,0.18350087075986607,0.8155389961177629
0.001008383285846681,0.1845782458350285,0.8144185615963567
0.0024700033573334377,0.19002148226279703,0.8075127682617541
0.0036072493110455035,0.19042632138987856,0.805969988988622
0.004110346054114982,0.19135365330710685,0.8045417686058522
0.002991224493067246,0.18880844653787895,0.8082024962335084
0.001235498964736338,0.18117927175117302,0.8175960134177639
0.000141205917023411,0.17973478211271407,0.8201283948020349
0.0018272843795751614,0.18861185356800458,0.8095635673462515
0.003183629373095533,0.18996209574122172,0.8068607260932947
0.003099446665882067,0.18786215351676305,0.8090415993958925
0.0015021080480438114,0.1843089493304661,0.8141937380180001
0.00013426301819769484,0.17753101536316943,0.8223341645656236
0.0010784586657051553,0.18691010242310255,0.8120184790609937
0.0018101987502450202,0.18672817343584547,0.8114650839770718
0.0013397629721695519,0.18096543025249767,0.8176994269632073
0.00020631911119459149,0.178288523805069,0.8215129982543741
0.0002403299291858237,0.18313821996596558,0.8166253340922164
0.000460212092168293,0.1819551185319551,0.8175877758744948
0.00014826417453030755,0.1791899220219303,0.8206647264300139
0.00031518187499161783,0.17495783713276697,0.8247282241797911
0.0008087786045827975,0.17484022975913954,0.8243534893033232
0.0010944060851109775,0.18500229097780865,0.8139071688143528
0.001787905303075297,0.19116019997645697,0.807055676446795
0.00014530082545127868,0.1779253008283417,0.8219352525492359
0.0006766566279868273,0.17778105900093522,0.8215490134795355
0.0016320353829570808,0.17868511691111744,0.8196884664887732
0.0015737480547089828,0.18614963915651148,0.8122796119859687
0.0015493598623561894,0.19038621473417106,0.808067944424239
0.0016025667276411792,0.1794194704715532,0.8189845805145511
0.0007248696016060983,0.1743613207324517,0.8249196262394062
0.0028233587454408377,0.179553486892895,0.8176278720164916
0.0021293001869055156,0.18441710710183803,0.8134591089942466
0.0015362823498604019,0.1884853879751716,0.8099832811881842
0.0014139324207016117,0.17508473249881493,0.823508504723051
0.0010709170770201895,0.1801936405297507,0.8187413289570964
0.002498781231650917,0.1820096521091772,0.8154946084535057
0.0019563426064538353,0.18376881867374753,0.814275724531535
0.0019649314945222765,0.1887391572229835,0.8093023329460506
0.0025570985913928074,0.18251646877451477,0.8149311148358855
0.001954547305339929,0.18529453409321528,0.8127516113573358
0.0020981352624056876,0.1884928214110464,0.8094182037617483
0.0013784766527442749,0.19134196152377095,0.8072805576819734
0.0012973220412649893,0.19250692368402172,0.8061996989744544
0.0016608108377753057,0.18729916058807927,0.8110459551689178
0.0013940087618054047,0.18825710218866365,0.8103523011802107
0.0017346349081483047,0.18833208715165642,0.8099352865112742
0.0014074766518082,0.1900481124819694,0.808544481423189
0.0008440265958700371,0.18619119240654994,0.8129661424369241
0.0008366996227885878,0.1852126475098852,0.8139570843430779
0.0015047654350245914,0.18486900516061364,0.8136275981695273
0.0015340198449917792,0.19069480108160364,0.8077737132506446
0.0013595554609105982,0.1893663516464508,0.809279127148085
0.0010082947952913409,0.18661586505588082,0.8123817999755192
0.0006096720758432429,0.1843387588573757,0.8150502424623483
0.0015930574362448954,0.18322118450000274,0.8151876052605554
0.0016077429431834928,0.1848309805374941,0.8135609377513059
0.0009397580728823794,0.1845413626531859,0.8145247923476221
0.0018559296204709128,0.1823472758173507,0.8158052051999142
0.0015710691870845267,0.1808455306658558,0.8175870154054202
0.0002816660374311237,0.1780246363764279,0.8217009875928221
0.0003162720327655887,0.18050308079532057,0.8191824517024393
0.0008189367135662903,0.18303571528814155,0.8161487354907417
0.0008255773932360419,0.17614497802033197,0.8230327196939763
0.0013579551302401601,0.1798734401822763,0.8187735787918795
0.0006721841181912007,0.18072540100465523,0.8186112724489452
0.000190990353757667,0.17946626954868286,0.8203455619689048
0.00027959424893627495,0.18059615783121757,0.8191245684742318
0.0004509959956978512,0.1779119810948611,0.8216424118422695
0.0011712267823588628,0.1817508861278967,0.8170787414904459
0.0006966217452281317,0.18062548300219639,0.8186852125319636
0.0003798035030881887,0.17939280871752236,0.8202299920838564
0.00012923384472348138,0.18088360884943253,0.8189880681910683
0.0007599634778743322,0.17950114500915826,0.8197407613523082
0.0011562124537347403,0.1799720714321133,0.818878321056144
0.0012055342770667453,0.17777146484097486,0.8210275527144102
0.00020441892128522117,0.18055893736643677,0.8192386892109975
0.00014990387456656658,0.1828537124803111,0.8170020295772371
0.0005401207795162894,0.18090032007262805,0.8185591848079125
0.00024415550791605776,0.17958002475859125,0.8201808155236883
0.0006266580672840856,0.18163362911587785,0.8177398633262907
0.0013215028189948142,0.18129742407930804,0.8173837279833094
0.0021481760005591082,0.18050098147887175,0.8173459206393462
0.0011880792439983977,0.1819929514039337,0.8168271917590262
0.0007206685482051657,0.1821787333003401,0.8171048905455174
0.000290627922701444,0.18536430907524187,0.8143483293625291
0.0013783480887136679,0.1831983868612717,0.8154254219235735
0.0027030958896202186,0.18306001924555762,0.8142417882752504
0.0028438295749369062,0.18601886416397062,0.8111436874941256
0.003184372740536805,0.18266977699838682,0.8141496629603859
0.0035436882211441405,0.19058823538702954,0.8058699880824738
0.001234885633354299,0.1853179960519549,0.8134479857949051
0.0036185016685388177,0.18502080148843952,0.8113667152216324
0.004792046028605297,0.18800528436954989,0.8072046043539994
0.004504096335350714,0.18862855091994374,0.8068716753903296
0.0025143214554526052,0.18464597103122532,0.8128436932610003
0.004544929433885351,0.18807271796136554,0.8073846190748545
0.005972360286619242,0.19050367859795045,0.8035256738057728
0.0044446814148353785,0.19257667393377065,0.8029799856375288
0.002357658368889363,0.1888975359872969,0.8087520253725453
0.0034821480159109223,0.19082331149911624,0.805694574898263
0.004449710900525862,0.19195875165648163,0.8035973484202192
0.004014400729257157,0.19618108730732695,0.7998052515641393
0.002858777439958185,0.18852713400638316,0.808615347029133
0.0010796240713146215,0.1843215241594778,0.8146083794449287
0.000942077621985354,0.18366631242569986,0.815400593585534
0.0025289607912258117,0.18968942388133006,0.8077863396017172
0.0036633713344212684,0.1907757212783356,0.8055645954591687
0.0036174514174274466,0.1926406440226982,0.8037465724930596
0.002800644337488128,0.1926056575762595,0.8046018088964413
0.0008326432206419866,0.180534542414186,0.8186372606177106
0.0004702353875038516,0.17718436890889927,0.8223506766479718
0.0010551307858697036,0.1888387291247105,0.8101132098625178
0.0022603942120421644,0.1885856120761871,0.8091572699439227
0.0023811890237615953,0.18820747160215745,0.8094148939719473
0.00081579331978767,0.18409870083792726,0.8150870785419014
0.00042927397906464076,0.17560850165424793,0.8239686380172934
0.00048045860432154025,0.18544422080965428,0.8140761097948106
0.0008105705449001596,0.1863350481545192,0.8128594687792109
0.0005051905331734455,0.18122912343978934,0.8182676728613213
0.00019119526569188116,0.1777159322797599,0.8220967268996086
0.0003880196778273266,0.18050134198944873,0.8191163428916121
0.0001187434443722179,0.17871678402537244,0.821171398425345
0.0003263815947094701,0.17858060196117934,0.8211000316697714
0.0010916414506318424,0.17443505998360054,0.8244756822842658
0.0016614183582232495,0.17519739905247414,0.8231443342809521
0.0016963563503218768,0.18476236343516916,0.8135467285372788
0.002092685471223889,0.19035418273281052,0.8075612325200447
0.0004903388596533331,0.17669271631003877,0.8228221192250827
0.0015177091805811049,0.17616853314080858,0.8223207355607396
0.002674894918503822,0.17874960289092126,0.8185777330955161
0.002266163339754125,0.18439140708197954,0.8133464312544767
0.0017726557984407993,0.18994610378616125,0.8082836163917967
0.002638965706951,0.17892419161514628,0.8184402876385845
0.0020758563997250352,0.17546750727426277,0.8224645886813144
0.004090350274904252,0.1780525911484865,0.8178563155156848
0.0028057390524922603,0.18235889971433,0.8148373191126086
0.0016783478638289168,0.18592570592593172,0.8123997052251081
0.0018775118160534012,0.17871705402301183,0.8194103396754345
0.0016366799558035518,0.18032707461081623,0.8180413827459513
0.0037627778311970866,0.18010069452527394,0.8161399058276292
0.0023642565798526953,0.1829180876967225,0.8147263765699782
0.002105588156463994,0.18595657295078533,0.8119475953545359
0.0038111201251669158,0.18597107192057927,0.8102206440317351
0.0032207584437711463,0.18605490230306287,0.8107295665343436
0.003541151885737357,0.1874900565817791,0.8089738074537963
0.002725122151679125,0.1918188139645639,0.8054614657612412
0.0025951983459024976,0.19154111200776167,0.805868048197199
0.003092013202947701,0.1856881629481581,0.8112224655133761
0.0026325953202808797,0.1871775064798774,0.8101948944622891
0.0027226051075063358,0.1862665884714151,0.8110133198819738
0.0027041460675799795,0.18831062628268339,0.808992583830731
0.0020314050645094794,0.18774783643941964,0.8102264229414072
0.002304594463072185,0.18417920601476462,0.8135164296045836
0.002153654070352821,0.18188887142537685,0.8159615740540127
0.002775142522826802,0.18877603311249616,0.8084553879201097
0.0025895533259934307,0.18575889161299647,0.8116589548029784
0.002332649307187002,0.18660471324190342,0.8110642089318865
0.001810554706808735,0.18268599966043833,0.8155078399647165
0.0024895218131638264,0.17887431835179504,0.8186366904182629
0.0031261041933041047,0.18248963862705436,0.8143829597538876
0.0022791659470209613,0.18305859203510752,0.8146647894319136
0.002518500304764996,0.1811320265225869,0.8163469012101614
0.002402075384310584,0.1804633920640344,0.8171406033942693
0.0007325631707101043,0.17627465197855954,0.8229940427338999
0.0011874209993241209,0.17917776372022318,0.8196370965272289
0.0018029049409697302,0.18179643573030527,0.8164067472115576
0.0019495803475821699,0.18093958664739293,0.8171138006508826
0.0019640516152453803,0.18076381188760365,0.817277206542144
0.0011444416437166307,0.17927730315462329,0.8195820224303437
0.00042603093905964226,0.17828695790536264,0.8212897272194886
0.0004034031000645542,0.18067365778532032,0.8189250995705524
0.0009645926372159332,0.18486894690568145,0.8141684862791531
0.0015688427050068884,0.1831907029791621,0.8152444224794336
0.0007303854950053576,0.17679815669589843,0.8224766837068679
0.0006695476403153358,0.17829573322718995,0.8210392220953965
0.0003033856453562473,0.1832981647699872,0.8164050783340536
0.0004673350733557774,0.18023667545249894,0.8193006478309306
0.0009404115373554048,0.18271228475850748,0.8163557882053267
0.0010939057072400587,0.1800163528224025,0.8188898766123881
0.0004226192726393104,0.17604893196832327,0.8235328980516124
0.0003192524600977012,0.18039653543207182,0.8192886197168137
0.0004868467547747189,0.18175133035317587,0.8177670002759931
0.0008000080109813477,0.17731344003809826,0.8218908369223128
0.0009278812307533676,0.18113253261841883,0.8179425980365036
0.000991658811105471,0.18179604981786132,0.8172130660419191
0.0019389106599816614,0.18334105772534073,0.8147234146297173
0.0012994537218352527,0.18585892360032488,0.8128458859209896
0.0007733716029452962,0.18601948708527938,0.8132116924209307
0.0010810964906783668,0.1840420690364493,0.8148804989143479
0.0017582760953087423,0.18385789853863133,0.8143878244307767
0.0023505181188128205,0.18405025372793157,0.8135998623739469
0.002473538551925916,0.18564120572093734,0.81188676504058
0.0027995524959604098,0.184114615929234,0.8130915948065308
0.0038575235242522725,0.18671191011459104,0.8094361945423715
0.0017539024131523063,0.18898676170215342,0.8092675399858108
0.003772382155456733,0.18564521878210016,0.8105857108072843
0.003766033175998973,0.1855441751663771,0.8106919807934345
0.004671775120360929,0.18779253890221495,0.8075444812439903
0.0031081062561973353,0.18780973397552989,0.8090893145822429
0.004374796168084919,0.18755952145143542,0.8080683518225417
0.005259092283603415,0.18823627465130363,0.8065085712535289
0.004935939731977125,0.1883571080435879,0.8067097942304997
0.0033420090952400905,0.18900406847838208,0.8076550485675552
0.0045084267497746645,0.189618340244063,0.8058788005839632
0.0059069880265068386,0.18590666752603335,0.8081904641848683
0.005458922282379592,0.18940573485409418,0.8051360748036777
0.004138091012519262,0.1842381110622026,0.8116339147944284
0.001295829525374697,0.18160370236070258,0.8171082148696256
0.0010850381545517793,0.18735440081078203,0.8115644653956186
0.0043992556909546255,0.19048707671741333,0.8051171861764229
0.00597607682295888,0.18800382204036942,0.8060229164194366
0.006101643237423206,0.18603854188390767,0.8078605039817139
0.004721199600523692,0.18290593219065798,0.812378041615206
0.0020205412631933836,0.17678196263504628,0.8212001788612436
0.00012665307626652544,0.1791175689838214,0.8207595819869616
0.002641222194173144,0.18978598652289136,0.8075781331045606
0.004573939672961132,0.18753250270078486,0.8078991682845732
0.004394232732467464,0.18416322959592352,0.8114435613477027
0.002319247993667777,0.17953404263101572,0.8181520923788962
0.00023544727931397097,0.174571067146615,0.8251937164912868
0.0014464392952839265,0.18759561440212744,0.8109585630870545
0.002201498672938968,0.1842146992774454,0.8135875284298164
0.0016773223502033864,0.17897250366462278,0.8193577565732648
0.00034725304097722043,0.1752310878286772,0.8244242482864707
0.0004091274566751811,0.18148124586029662,0.8181120610197139
0.0006133093282484818,0.1785105706344786,0.8208814465687971
7.548697838644451e-05,0.1759667788546441,0.8239658598922563
0.00035507637089466596,0.17498812427399446,0.8246622396716006
0.001083183297394343,0.1743025882814543,0.8246208334436956
0.002071588919543273,0.18631156011143876,0.8116196849579593
0.0035321940693098654,0.19190118448014956,0.804572173061531
0.00010693504486977812,0.175287691288954,0.8246090798779427
0.0008796401669978603,0.17575208730278033,0.8233764132927166
0.002495268341600693,0.17840040179416675,0.8191042910310852
0.0031053848831876425,0.18459216197539763,0.8123053407529027
0.003089949073879479,0.18886348138875145,0.8080462421957229
0.0021436979330884893,0.17872380611665215,0.8191388198724529
0.001217129636561854,0.17072905752375692,0.8280582803743064
0.0045314702877811645,0.17722277736160433,0.8182546938706354
0.0038799894398405597,0.1836237370561523,0.8125023890570837
0.002946823831959469,0.1873322257111842,0.8097294807132163
0.0016045837676565457,0.1748229426302052,0.8235750755997368
0.0017678268461753894,0.18020303622563014,0.8180358558104841
0.004063979493631772,0.18083493534540554,0.8151035835692042
0.003671058163853581,0.18565096352087648,0.8106803443828071
0.0034940760257721887,0.1882116519868484,0.8082994506755341
