level,target,kind,metric,n,n_perm,score,null_mean,null_q95,p_value
single reader,length,positive control,R2,8283,20,-0.002946841073163009,-0.0006964256168789596,-0.000283746113912453,1.0
single reader,zipf,positive control,R2,8279,20,0.00022534557147535494,-0.0006672733426248079,-0.0001153707439006333,0.047619047619047616
single reader,surprisal,positive control,R2,8283,20,0.0012723919838006914,-0.00046865964376979763,8.34400046872745e-05,0.047619047619047616
single reader,trt_ms,positive control,R2,8283,20,0.010600855059096026,-0.0005256297678584654,-0.00010938642429542648,0.047619047619047616
single reader,is_content,positive control,AUC,8283,20,0.4795246977984339,0.49081719124916046,0.5023232851935282,0.8571428571428571
single reader,relative_position,positive control,R2,8283,20,0.021690782270519904,-0.0005768908725895472,9.741380893559819e-05,0.047619047619047616
single reader,valence,sentiment,R2,1181,20,-0.005407060253441065,-0.0038840690592324865,-0.0007052131079320897,0.7619047619047619
single reader,abs_valence,sentiment,R2,1181,20,-0.004970479797570482,-0.005270641636468764,7.241307093315942e-05,0.5714285714285714
single reader,in_lexicon,sentiment,AUC,8283,20,0.4925779097419458,0.48639724597193057,0.5067286404040372,0.2857142857142857
single reader,sentence_label,sentiment,macro_F1,8283,20,0.23147891642628374,0.22755902021418625,0.25132865914420166,0.6190476190476191
reader-averaged,length,positive control,R2,5574,50,-0.0027356186456859444,-0.000845568506985066,-4.333995668205408e-05,1.0
reader-averaged,zipf,positive control,R2,5570,50,0.00016637463136137676,-0.00069865631832988,8.127064383797703e-05,0.058823529411764705
reader-averaged,surprisal,positive control,R2,5574,50,0.0009343499144109924,-0.0008002084752509697,3.8971667100179015e-05,0.0392156862745098
reader-averaged,trt_ms,positive control,R2,5574,50,0.007980114791180104,-0.0005946626897631146,0.00010069415513201376,0.0196078431372549
reader-averaged,is_content,positive control,AUC,5574,50,0.4817994441098823,0.4909470673339333,0.5085391487125591,0.803921568627451
reader-averaged,relative_position,positive control,R2,5574,50,0.03060059807541693,-0.0007576600732227145,0.0003687298824151308,0.0196078431372549
reader-averaged,valence,sentiment,R2,729,50,-0.005805225117952562,-0.005129197618437449,-0.0014343438947646897,0.6470588235294118
reader-averaged,abs_valence,sentiment,R2,729,50,-0.014611204915462972,-0.00446504725660082,0.0005657242000015597,0.9607843137254902
reader-averaged,in_lexicon,sentiment,AUC,5574,50,0.5222631338290857,0.48591496331403833,0.5110680052831182,0.0392156862745098
reader-averaged,sentence_label,sentiment,macro_F1,5574,50,0.22149766971695617,0.22581023168131856,0.26108383456608303,0.6862745098039216
