sample_id,sentence_id,seed,true_id,predicted_id,fold,arm,true_label,predicted_label,prob_negative,prob_neutral,prob_positive
6,6,0,2,2,0,text_only,positive,positive,0.0002723795,0.020326814,0.9794008
14,14,0,1,1,0,text_only,neutral,neutral,0.13046515,0.8507396,0.018795285
15,15,0,1,1,0,text_only,neutral,neutral,0.0082599595,0.9547215,0.03701857
17,17,0,2,2,0,text_only,positive,positive,0.00012433805,0.05339669,0.94647896
18,18,0,2,2,0,text_only,positive,positive,0.00044778682,0.022967083,0.9765852
40,40,0,2,2,0,text_only,positive,positive,0.00018799827,0.075843915,0.9239681
42,42,0,0,0,0,text_only,negative,negative,0.5617305,0.43747616,0.00079336035
47,47,0,0,0,0,text_only,negative,negative,0.9578777,0.04208621,3.605247e-05
50,50,0,2,2,0,text_only,positive,positive,0.0003973979,0.13291141,0.86669123
51,51,0,1,1,0,text_only,neutral,neutral,0.16431007,0.83443546,0.0012545229
54,54,0,1,1,0,text_only,neutral,neutral,0.042059116,0.9572611,0.0006798223
60,60,0,2,2,0,text_only,positive,positive,0.00031157845,0.010983519,0.98870486
65,65,0,0,1,0,text_only,negative,neutral,0.468549,0.5309356,0.0005153756
69,69,0,2,2,0,text_only,positive,positive,0.00014855183,0.11918521,0.8806662
71,71,0,1,1,0,text_only,neutral,neutral,0.020882828,0.83416164,0.14495555
83,83,0,1,1,0,text_only,neutral,neutral,0.0012600762,0.8921838,0.106556155
84,84,0,0,0,0,text_only,negative,negative,0.9668122,0.033082493,0.00010529433
90,90,0,1,1,0,text_only,neutral,neutral,0.029144015,0.9651172,0.0057387967
91,91,0,1,1,0,text_only,neutral,neutral,0.0023808533,0.7962864,0.20133273
94,94,0,0,0,0,text_only,negative,negative,0.62114936,0.37674615,0.0021044868
99,99,0,1,0,0,text_only,neutral,negative,0.9959026,0.0040700263,2.7423623e-05
108,108,0,2,2,0,text_only,positive,positive,0.0003505523,0.017979903,0.9816695
119,119,0,2,2,0,text_only,positive,positive,0.00046733397,0.04206806,0.95746464
123,123,0,2,2,0,text_only,positive,positive,0.00039398638,0.025947131,0.9736589
124,124,0,1,1,0,text_only,neutral,neutral,0.041520398,0.9449999,0.013479698
126,126,0,0,0,0,text_only,negative,negative,0.7043886,0.29363286,0.0019784828
133,133,0,1,1,0,text_only,neutral,neutral,0.04644836,0.93294024,0.020611335
145,145,0,1,1,0,text_only,neutral,neutral,0.010966012,0.8711382,0.11789574
146,146,0,2,1,0,text_only,positive,neutral,0.0013073571,0.56144154,0.43725112
150,150,0,0,0,0,text_only,negative,negative,0.65067655,0.34828207,0.0010413446
151,151,0,2,2,0,text_only,positive,positive,0.00025661552,0.13293013,0.8668133
157,157,0,1,1,0,text_only,neutral,neutral,0.29397205,0.7052023,0.0008257069
160,160,0,2,2,0,text_only,positive,positive,0.00034461982,0.14799617,0.8516593
161,161,0,0,0,0,text_only,negative,negative,0.9576871,0.042077836,0.00023504486
168,168,0,2,2,0,text_only,positive,positive,0.00030991895,0.07583467,0.9238554
197,197,0,2,1,0,text_only,positive,neutral,0.04411071,0.5373785,0.41851076
198,198,0,1,1,0,text_only,neutral,neutral,0.011693409,0.92892253,0.05938403
201,201,0,2,2,0,text_only,positive,positive,0.00024727936,0.16447577,0.83527696
207,207,0,0,0,0,text_only,negative,negative,0.999188,0.0008040796,7.882918e-06
214,214,0,1,1,0,text_only,neutral,neutral,0.3205664,0.678639,0.00079460454
216,216,0,2,2,0,text_only,positive,positive,0.0012009455,0.29386163,0.7049374
217,217,0,0,1,0,text_only,negative,neutral,0.10625105,0.8896292,0.004119801
223,223,0,0,0,0,text_only,negative,negative,0.8516937,0.14800216,0.0003041382
228,228,0,0,1,0,text_only,negative,neutral,0.16440593,0.8349222,0.00067188946
230,230,0,2,2,0,text_only,positive,positive,0.00020192015,0.06753305,0.932265
235,235,0,0,0,0,text_only,negative,negative,0.98877305,0.010984277,0.00024267429
236,236,0,1,1,0,text_only,neutral,neutral,0.21577735,0.75313693,0.031085676
240,240,0,0,0,0,text_only,negative,negative,0.72843343,0.26797572,0.0035908762
241,241,0,2,1,0,text_only,positive,neutral,0.0068674115,0.6181846,0.37494794
249,249,0,1,1,0,text_only,neutral,neutral,0.015711756,0.9720519,0.012236328
267,267,0,1,1,0,text_only,neutral,neutral,0.0029289587,0.86449623,0.1325748
269,269,0,1,0,0,text_only,neutral,negative,0.4979763,0.4979763,0.0040473104
273,273,0,1,1,0,text_only,neutral,neutral,0.025642939,0.96224415,0.012112867
278,278,0,1,1,0,text_only,neutral,neutral,0.29402572,0.705331,0.00064317865
280,280,0,0,0,0,text_only,negative,negative,0.97059727,0.029309498,9.328571e-05
285,285,0,2,2,0,text_only,positive,positive,0.0006670571,0.06004657,0.9392864
287,287,0,1,1,0,text_only,neutral,neutral,0.0047556725,0.75132483,0.24391946
308,308,0,2,1,0,text_only,positive,neutral,0.016317308,0.6123025,0.3713802
325,325,0,2,2,0,text_only,positive,positive,0.0006318662,0.34842482,0.6509432
328,328,0,0,0,0,text_only,negative,negative,0.9902226,0.009707801,6.962927e-05
335,335,0,0,1,0,text_only,negative,neutral,0.4070841,0.5923039,0.0006120262
343,343,0,0,0,0,text_only,negative,negative,0.939823,0.06008087,9.6153584e-05
347,347,0,2,2,0,text_only,positive,positive,4.6291818e-05,0.04208578,0.9578679
348,348,0,1,2,0,text_only,neutral,positive,0.0015966308,0.26851204,0.7298913
352,352,0,0,1,0,text_only,negative,neutral,0.4069474,0.592105,0.0009476064
355,355,0,1,1,0,text_only,neutral,neutral,0.08504379,0.91430694,0.00064931734
356,356,0,1,0,0,text_only,neutral,negative,0.91240513,0.084866896,0.002728042
357,357,0,2,2,0,text_only,positive,positive,0.00038530602,0.0474076,0.95220715
362,362,0,1,1,0,text_only,neutral,neutral,0.13254976,0.864333,0.0031172715
364,364,0,0,0,0,text_only,negative,negative,0.83533233,0.16448668,0.00018092542
374,374,0,0,0,0,text_only,negative,negative,0.97953343,0.020329569,0.00013697956
382,382,0,0,0,0,text_only,negative,negative,0.7764991,0.22247072,0.0010302438
385,385,0,0,1,0,text_only,negative,neutral,0.0952843,0.9040323,0.0006834274
387,387,0,2,2,0,text_only,positive,positive,0.00055766146,0.34845072,0.6509916
388,388,0,1,1,0,text_only,neutral,neutral,0.2442312,0.75228506,0.003483771
389,389,0,2,2,0,text_only,positive,positive,0.00018846433,0.18239114,0.81742036
393,393,0,2,1,0,text_only,positive,neutral,0.00036585316,0.79789484,0.2017394
396,396,0,2,2,0,text_only,positive,positive,0.0015765488,0.43713325,0.5612902
400,400,0,1,1,0,text_only,neutral,neutral,0.32042664,0.6783432,0.0012301711
404,404,0,0,1,0,text_only,negative,neutral,0.1324325,0.86356837,0.003999115
